-- --------------------------------------------------------
-- Host:                         127.0.0.1
-- Versión del servidor:         10.4.32-MariaDB - mariadb.org binary distribution
-- SO del servidor:              Win64
-- HeidiSQL Versión:             12.1.0.6537
-- --------------------------------------------------------

/*!40101 SET @OLD_CHARACTER_SET_CLIENT=@@CHARACTER_SET_CLIENT */;
/*!40101 SET NAMES utf8 */;
/*!50503 SET NAMES utf8mb4 */;
/*!40103 SET @OLD_TIME_ZONE=@@TIME_ZONE */;
/*!40103 SET TIME_ZONE='+00:00' */;
/*!40014 SET @OLD_FOREIGN_KEY_CHECKS=@@FOREIGN_KEY_CHECKS, FOREIGN_KEY_CHECKS=0 */;
/*!40101 SET @OLD_SQL_MODE=@@SQL_MODE, SQL_MODE='NO_AUTO_VALUE_ON_ZERO' */;
/*!40111 SET @OLD_SQL_NOTES=@@SQL_NOTES, SQL_NOTES=0 */;

-- Volcando estructura para tabla kotex.aplicaciones
CREATE TABLE IF NOT EXISTS `aplicaciones` (
  `id` bigint(20) unsigned NOT NULL AUTO_INCREMENT,
  `orden` varchar(50) DEFAULT NULL,
  `nombre` varchar(255) DEFAULT NULL,
  `imagen` varchar(255) DEFAULT NULL,
  `created_at` timestamp NULL DEFAULT NULL,
  `updated_at` timestamp NULL DEFAULT NULL,
  PRIMARY KEY (`id`)
) ENGINE=InnoDB AUTO_INCREMENT=29 DEFAULT CHARSET=utf8mb4 COLLATE=utf8mb4_unicode_ci;

-- Volcando datos para la tabla kotex.aplicaciones: ~17 rows (aproximadamente)
INSERT INTO `aplicaciones` (`id`, `orden`, `nombre`, `imagen`, `created_at`, `updated_at`) VALUES
	(3, 'aa', 'Indumentaria', 'indumentaria.png', NULL, NULL),
	(4, 'ab', 'Guantes', 'guantes.png', NULL, NULL),
	(5, 'ac', 'Fundas', 'fundas.png', NULL, NULL),
	(6, 'ad', 'Uniformes', 'uniformes.png', NULL, NULL),
	(7, 'ae', 'Sábanas ajustables', 'ropacama.png', NULL, NULL),
	(8, 'af', 'Trajes de baño', 'trajebaño.png', NULL, NULL),
	(10, 'ag', 'Cubrepiletas', 'cubrepiletas.png', NULL, NULL),
	(11, 'ah', 'Ropa de ñiños', 'ropañiños.png', NULL, NULL),
	(12, 'ai', 'Ropa deportiva', 'indumentariadeportiva.png', NULL, NULL),
	(13, 'aj', 'Ropa técnica', 'ropatecnica.png', NULL, NULL),
	(14, 'ak', 'Cubrecolchones', '', NULL, NULL),
	(15, 'al', 'Agendas', 'agenda.png', NULL, NULL),
	(16, 'am', 'Ciclismo', 'ciclismo.png', NULL, NULL),
	(17, 'an', 'Futura máma', 'futuramama.png', NULL, NULL),
	(18, 'ao', 'Ropa interior', 'ropainterior.png', NULL, NULL),
	(19, 'ap', 'Marroquineria', 'marroquineria.png', NULL, NULL),
	(20, 'dsf', 'fds', 'fotos/4GvkNtKUK10OXAsqthGXgXu4NbSDItOh9jJxg0Js.png', NULL, '2024-04-27 03:36:43');

-- Volcando estructura para tabla kotex.banners
CREATE TABLE IF NOT EXISTS `banners` (
  `id` int(11) DEFAULT NULL,
  `titulo` varchar(50) CHARACTER SET utf8 COLLATE utf8_bin DEFAULT NULL,
  `imagen` longtext DEFAULT NULL,
  `texto` longtext CHARACTER SET utf8 COLLATE utf8_bin DEFAULT NULL,
  `seccion` varchar(50) DEFAULT NULL,
  `updated_at` varchar(50) DEFAULT NULL,
  `created_at` varchar(50) DEFAULT NULL
) ENGINE=InnoDB DEFAULT CHARSET=armscii8 COLLATE=armscii8_bin;

-- Volcando datos para la tabla kotex.banners: ~2 rows (aproximadamente)
INSERT INTO `banners` (`id`, `titulo`, `imagen`, `texto`, `seccion`, `updated_at`, `created_at`) VALUES
	(1, 'Empresa', 'fotos/npVnzmXlyOEQaTTjkryAmsr8uS2y2HAZobp07Zh4.png', '<p data-v-70ff3320="" class="text" style="color: rgb(255, 255, 255); background-color: rgb(47, 63, 120);"><span data-v-70ff3320="" class="kotex">Kotex SRL</span>,&nbsp;fábrica de cintas elásticas y rígidas de crochet,&nbsp;es una empresa familiar con casi 30 años en el rubro textil.</p><p data-v-70ff3320="" class="text" style="margin-top: 50px; color: rgb(255, 255, 255); background-color: rgb(47, 63, 120);">Por la calidad&nbsp;de nuestros productos y especial enfoque en la “atención personalizada” ocupamos un lugar de preferencia entre las empresas confeccionistas de reconocidas marcas.</p>', 'home', '2024-04-26 18:46:36', NULL),
	(2, '¿Quienes somos?', 'fotos/nO0hm4NTAv3wmvoigR8Ok32R3nkwYO6axS8vcPIL.png', '<p class="text" data-v-639cb22c=""><span class="kotex" data-v-639cb22c="">Kotex SRL</span>,&nbsp;fábrica de cintas elásticas y rígidas de crochet,&nbsp;es una empresa familiar con casi 30 años en el rubro textil.</p><p class="text" data-v-639cb22c="">Por la calidad&nbsp;de nuestros productos y especial enfoque en la “atención personalizada” ocupamos un lugar de preferencia entre las empresas confeccionistas de reconocidas marcas.</p><p class="text" data-v-639cb22c="">Es nuestro deseo es seguir creciendo día a día junto con nuestros clientes brindándoles soluciones eficientes y procurando mantener balanceados los parámetros de:&nbsp;Precio, Calidad y Servicio.</p>', 'nosotros', '2024-04-26 19:47:36', NULL);

-- Volcando estructura para tabla kotex.cache
CREATE TABLE IF NOT EXISTS `cache` (
  `key` varchar(255) NOT NULL,
  `value` mediumtext NOT NULL,
  `expiration` int(11) NOT NULL,
  PRIMARY KEY (`key`)
) ENGINE=InnoDB DEFAULT CHARSET=utf8mb4 COLLATE=utf8mb4_unicode_ci;

-- Volcando datos para la tabla kotex.cache: ~0 rows (aproximadamente)

-- Volcando estructura para tabla kotex.cache_locks
CREATE TABLE IF NOT EXISTS `cache_locks` (
  `key` varchar(255) NOT NULL,
  `owner` varchar(255) NOT NULL,
  `expiration` int(11) NOT NULL,
  PRIMARY KEY (`key`)
) ENGINE=InnoDB DEFAULT CHARSET=utf8mb4 COLLATE=utf8mb4_unicode_ci;

-- Volcando datos para la tabla kotex.cache_locks: ~0 rows (aproximadamente)

-- Volcando estructura para tabla kotex.categorias
CREATE TABLE IF NOT EXISTS `categorias` (
  `id` bigint(20) unsigned NOT NULL AUTO_INCREMENT,
  `nombre` varchar(255) NOT NULL,
  `created_at` timestamp NULL DEFAULT NULL,
  `updated_at` timestamp NULL DEFAULT NULL,
  PRIMARY KEY (`id`)
) ENGINE=InnoDB AUTO_INCREMENT=4 DEFAULT CHARSET=utf8mb4 COLLATE=utf8mb4_unicode_ci;

-- Volcando datos para la tabla kotex.categorias: ~3 rows (aproximadamente)
INSERT INTO `categorias` (`id`, `nombre`, `created_at`, `updated_at`) VALUES
	(1, 'Productos de linea', NULL, NULL),
	(2, 'Productos Especiales', NULL, NULL),
	(3, 'Productos destacados', NULL, NULL);

-- Volcando estructura para tabla kotex.categoriashome
CREATE TABLE IF NOT EXISTS `categoriashome` (
  `id` int(11) NOT NULL DEFAULT 1,
  `orden` varchar(50) DEFAULT NULL,
  `texto` longtext DEFAULT NULL,
  `imagen` varchar(400) DEFAULT NULL,
  `updated_at` varchar(50) DEFAULT NULL,
  `created_at` varchar(50) DEFAULT NULL,
  PRIMARY KEY (`id`)
) ENGINE=InnoDB DEFAULT CHARSET=utf8mb4 COLLATE=utf8mb4_general_ci;

-- Volcando datos para la tabla kotex.categoriashome: ~2 rows (aproximadamente)
INSERT INTO `categoriashome` (`id`, `orden`, `texto`, `imagen`, `updated_at`, `created_at`) VALUES
	(1, 'aa', 'Productos de linea', 'fotos/jdNWN0zuYrcJ5z0AW8klrRSyb88kdXhMoYUYQ5ne.png', '2024-04-26 17:53:40', NULL),
	(2, 'ab', 'Productos Especiales', 'fotos/taA8rYTq34c7FIqYEASsSFPkXWioDKJpnDF5H8iR.png', '2024-04-26 17:53:27', NULL);

-- Volcando estructura para tabla kotex.failed_jobs
CREATE TABLE IF NOT EXISTS `failed_jobs` (
  `id` bigint(20) unsigned NOT NULL AUTO_INCREMENT,
  `uuid` varchar(255) NOT NULL,
  `connection` text NOT NULL,
  `queue` text NOT NULL,
  `payload` longtext NOT NULL,
  `exception` longtext NOT NULL,
  `failed_at` timestamp NOT NULL DEFAULT current_timestamp(),
  PRIMARY KEY (`id`),
  UNIQUE KEY `failed_jobs_uuid_unique` (`uuid`)
) ENGINE=InnoDB DEFAULT CHARSET=utf8mb4 COLLATE=utf8mb4_unicode_ci;

-- Volcando datos para la tabla kotex.failed_jobs: ~0 rows (aproximadamente)

-- Volcando estructura para tabla kotex.jobs
CREATE TABLE IF NOT EXISTS `jobs` (
  `id` bigint(20) unsigned NOT NULL AUTO_INCREMENT,
  `queue` varchar(255) NOT NULL,
  `payload` longtext NOT NULL,
  `attempts` tinyint(3) unsigned NOT NULL,
  `reserved_at` int(10) unsigned DEFAULT NULL,
  `available_at` int(10) unsigned NOT NULL,
  `created_at` int(10) unsigned NOT NULL,
  PRIMARY KEY (`id`),
  KEY `jobs_queue_index` (`queue`)
) ENGINE=InnoDB DEFAULT CHARSET=utf8mb4 COLLATE=utf8mb4_unicode_ci;

-- Volcando datos para la tabla kotex.jobs: ~0 rows (aproximadamente)

-- Volcando estructura para tabla kotex.job_batches
CREATE TABLE IF NOT EXISTS `job_batches` (
  `id` varchar(255) NOT NULL,
  `name` varchar(255) NOT NULL,
  `total_jobs` int(11) NOT NULL,
  `pending_jobs` int(11) NOT NULL,
  `failed_jobs` int(11) NOT NULL,
  `failed_job_ids` longtext NOT NULL,
  `options` mediumtext DEFAULT NULL,
  `cancelled_at` int(11) DEFAULT NULL,
  `created_at` int(11) NOT NULL,
  `finished_at` int(11) DEFAULT NULL,
  PRIMARY KEY (`id`)
) ENGINE=InnoDB DEFAULT CHARSET=utf8mb4 COLLATE=utf8mb4_unicode_ci;

-- Volcando datos para la tabla kotex.job_batches: ~0 rows (aproximadamente)

-- Volcando estructura para tabla kotex.migrations
CREATE TABLE IF NOT EXISTS `migrations` (
  `id` int(10) unsigned NOT NULL AUTO_INCREMENT,
  `migration` varchar(255) NOT NULL,
  `batch` int(11) NOT NULL,
  PRIMARY KEY (`id`)
) ENGINE=InnoDB AUTO_INCREMENT=14 DEFAULT CHARSET=utf8mb4 COLLATE=utf8mb4_unicode_ci;

-- Volcando datos para la tabla kotex.migrations: ~13 rows (aproximadamente)
INSERT INTO `migrations` (`id`, `migration`, `batch`) VALUES
	(1, '0001_01_01_000000_create_users_table', 1),
	(2, '0001_01_01_000001_create_cache_table', 1),
	(3, '0001_01_01_000002_create_jobs_table', 1),
	(4, '2024_04_18_174651_create_productos_table', 1),
	(5, '2024_04_18_175444_create_variaciones_table', 1),
	(6, '2024_04_18_175708_create_categorias_table', 1),
	(7, '2024_04_18_175736_create_medidas_table', 1),
	(8, '2024_04_18_180214_create_aplicaciones_table', 1),
	(9, '2024_04_18_180302_create_unidadesventa_table', 1),
	(10, '2024_04_18_181300_create_variacion_categoria_table', 1),
	(11, '2024_04_18_181443_create_variacion_medida_table', 1),
	(12, '2024_04_18_181632_create_variacion_aplicacion_table', 1),
	(13, '2024_04_18_181722_create_variacion_unidad_venta_table', 1);

-- Volcando estructura para tabla kotex.password_reset_tokens
CREATE TABLE IF NOT EXISTS `password_reset_tokens` (
  `email` varchar(255) NOT NULL,
  `token` varchar(255) NOT NULL,
  `created_at` timestamp NULL DEFAULT NULL,
  PRIMARY KEY (`email`)
) ENGINE=InnoDB DEFAULT CHARSET=utf8mb4 COLLATE=utf8mb4_unicode_ci;

-- Volcando datos para la tabla kotex.password_reset_tokens: ~0 rows (aproximadamente)

-- Volcando estructura para tabla kotex.productos
CREATE TABLE IF NOT EXISTS `productos` (
  `id` bigint(20) unsigned NOT NULL AUTO_INCREMENT,
  `nombre` varchar(255) NOT NULL,
  `created_at` timestamp NULL DEFAULT NULL,
  `updated_at` timestamp NULL DEFAULT NULL,
  PRIMARY KEY (`id`)
) ENGINE=InnoDB AUTO_INCREMENT=10 DEFAULT CHARSET=utf8mb4 COLLATE=utf8mb4_unicode_ci;

-- Volcando datos para la tabla kotex.productos: ~8 rows (aproximadamente)
INSERT INTO `productos` (`id`, `nombre`, `created_at`, `updated_at`) VALUES
	(1, 'Elásticos embutir', NULL, NULL),
	(3, 'Elásticos Negros', NULL, NULL),
	(4, 'Cordón sin alma', NULL, NULL),
	(5, 'Antideslizante', NULL, NULL),
	(6, 'Elástico con cordón', NULL, NULL),
	(7, 'Elástico PARTIDO CON 70-1', NULL, NULL),
	(8, 'Cintas rígidas', NULL, NULL),
	(9, 'Fajas Anchas', NULL, NULL);

-- Volcando estructura para tabla kotex.seccionnosotros
CREATE TABLE IF NOT EXISTS `seccionnosotros` (
  `id` int(11) NOT NULL AUTO_INCREMENT,
  `orden` varchar(50) DEFAULT NULL,
  `titulo` varchar(50) CHARACTER SET utf8 COLLATE utf8_bin DEFAULT NULL,
  `texto` longtext CHARACTER SET utf8 COLLATE utf8_bin DEFAULT NULL,
  `icono` longtext CHARACTER SET utf8 COLLATE utf8_bin DEFAULT NULL,
  `updated_at` varchar(50) DEFAULT NULL,
  `created_at` varchar(50) DEFAULT NULL,
  PRIMARY KEY (`id`)
) ENGINE=InnoDB AUTO_INCREMENT=4 DEFAULT CHARSET=armscii8 COLLATE=armscii8_bin;

-- Volcando datos para la tabla kotex.seccionnosotros: ~2 rows (aproximadamente)
INSERT INTO `seccionnosotros` (`id`, `orden`, `titulo`, `texto`, `icono`, `updated_at`, `created_at`) VALUES
	(1, 'aa', 'Vísion', '<span data-metadata="<!--(figmeta)eyJmaWxlS2V5IjoiUjVSekEwUlUzOFhPUjliWGZ6Y1dCVCIsInBhc3RlSUQiOjIwMzE4MDE0NDAsImRhdGFUeXBlIjoic2NlbmUifQo=(/figmeta)-->"></span><span data-buffer="<!--(figma)ZmlnLWtpd2k0AAAAE0kAALW9C5hkSVXgH3FvZj26+jHvFwxvARGReTA8RCQr81ZVdudr8mZWz4w6SVblra6kszLLvFk13azrIiIiIiKiIiIif0REFxERERERERERERERERGRZVmWZVnWZVmW/f9ORNxHVvew7rff8jEdESdOnDhx4sSJEycib/2VV4/iuH8u6lzcj5S67nSz2uiFnVK7o/hfo1kJeuWNUmM9CCnqbhi0c2XPYAeNCnk/rK43SjVyhbBzdy0gUzSZXhgIrQWDayj3wjPVVq8d1JolabnYaHaqa3f3wo1mt1bpdVvr7VJF2i+5bK/SbEh5OSm3g7V2EG4AOhaWg0bQA9za6N3ZDdp3A1zJA9tBqybA45Xq2hrpiXKtGjQ6vdU2vZdLofB2Msfb6Wa3zTgC4exU2GkHpbqtoXyFK9sRX1ltdIJ2qdypbjLIWhXGrGiou6odlJuNRlBmsDlmEg6vvnx1wus1hh966VUb5XZQh99SjVrXBoxrSxeGMRNwF3klTXRpe5uJBASHlV6zYQgpUzjbrnaEKd2YDKLWbj+OQINuqWNGCVK9uWmy+uxwPBiOz7UPRoLTaDbuCdpNKlSzYuqFgtWUR1EZAFKVZrkrHJLV5VJjsxSS89bbzW6LjL/WLtUFr7DabNaCUqPXbCG0TrXZAFjcZDjNNrkFkTHpYq1qyC4FtVq1FUp2mYF3kKvRqWPtYL1bK7V7rWbt7nVDZIWuGpWgIgJK8Y53gruEpRNMTFkAJ8O766tN0c9T1QadNQyUGa2Wz4iorgw3Sq2gd7ba2ei5tlc5eRsGry7LWlitNctnKF1ztlpZN3p9LbTqMtLr6kGlWiJz/UZ1faPGf1J9QwgBO9gbXbaHsNu1knR609lSuFHtdeiZ0gM2S+1qadXw/8COy9xsMr0y8qD0oATFraoHMzyzVh5SCsNqyIT2oNzsSt1DL9XPoGaUicqHpYSEmzaVAB9eb1a6ptdHWPx1Kih9ky21m2cpPDLc7e9HZ4ez3U50YWaV4UHhnd1SO6BWwaebN4046k2zVLwOncnMsLop+mmx0jwroilcbgqLrVK7VKthJlgd9V7bSXRhHlwL1gS6GDTWe5USwiqZzpekzHLrSmFZCmtVQ/WYyTdrlUBmdaXDwgvuaZphHm+1g0qwhgJWeq12sxyEosonmKGgJvUnE1XvhVXH46kUVO/WOtWWAV5RLzW6LNhqo2Um4sqN4K6S1dWryhvBZttkr27RzIGvaTJsmxV9Es6ua9W60v31pTZyT4Z5gy0lsrgx7Nbr8NI73W0wz4bATUZdHxC2gqC80VvtrjLJAB5otAHLhjVrtkvGSt28OorGgzprWthBg3qdDWZiXSwrtr9dN/ZcV0rtM4GQ9twgRXV9Waisw1XMJcVCuVlrpqWiUX/TZiHE0picWdq0qDRZOpSXbJOkuCyKiPKSPRY21zo9Q4PSykapjVq7krHjQTuw6/dEcFcZOdmRn9wws30qLHW6qYm5wvRC5spaF1E1w2pHuriq1R+OnfYuhU30G6BCoypVpoXehFUgOgVJauSBbSMrIDRVbBEwP4WB5JS+UK1bMRexr6erZBY2WUZiThere2y54XZ/FFnps2e2g07ZCH6tKuPU6KvprWP11g92dqJtx3GhimFqs2OWWEBUqkq72cqKeq2JmWQm2UFWa11h0Fstlc/Mg3xZv2WzGyw00agqygFYdVtYaFJda541GVjoWB5CNKLWK5daopmFrMSCapfNDlIUopVoezLtz4aTMW2SfYKemV/kSl4z3OqZINM2rxb1ZePpTId7lJI20O5tBG7mdeNgbyuadsfDWQzddkmGqlrVu4JaSEbDNXupYHrlyTieTbMZXmTmgSupN0PS9ZJsnR58OLH7YZldn0xhDYqVnm1RdAWDvRDOppPzUWk0PDemQUpMsaEwsWQ0ltdlPYtc7u+jkcl4GK5RDZ3aS88uaJGLDMK3xeDObrXG9oyhA1hwOiUmzDomRcSH8mFAU9BCftdZzPaV3i2Ul3LlWykv58q3UT6WK99OeSVXfgLl47nyHZRPlKvtcr73k3a0pydDkUwdf6MNVK0Gm4GMQCcD91Ynk1HUHzf3o0RBCt2GXamIkWaySZLXYXcV22zy3l1mARt9NcLfmEyHz5qMZ/0RzZ1lzM0tumyk4J3usr2vVQ2HWevNaDobsvQE1mxRlWu62ux0mnVyXn1yEEflg2k8mSIftoUSto8KVW43Q1ZatU1eB3cHsvRQPUoe3p/pqlViKNjCMipOuYClJymSlKs1cgt1sajSZJEpxqcmt5TOnykub7LYJ9P6cDoVBtJVZGadVJsMFgjLyI7WERX2Kv1419oTr8wuDEhlCq6NzbHrodBqrANSp1uBpDrclMRrVcRD9oML+5Pp7Oga8vGGMOlsfm6hqASAL2T61wkgXbJerX9xcjBbnw4HlkjBLqucxDMGPbvK/KxNqz+bRdMxVWBVW2aFYKONrdZmPg9mk3YUD58F6VREhh0jmZQPneY8adaZHoy3nfp5lWoofpDQVLjc7KZkdDi7OIrCyI2dqWuHTWcfOxwBSHQZ7bK6wmkEV6NRlo3F7wT1Fhus8fMLCRmEOYtSSV6y35DVyW6B4ehvn7fTmI5pAwN9D9I1HGg2StxWk7fYRq/p7hLpWpF6qyiZmBjyvmlQnhzA0NS1W7i/dojdTY5f6nZk5yrkSBUNqdMH8Wy4c5Hi/VJplcr4npuBPZT4trwadM5axwApQSe0s2gMLkBOJWH1nqDXaWJljIDmACgdk1ytt3DvKUkNOFYarUk8lMllPwHkGFelVcTetQchg3Z2KraZvYYDUqkFWLnUVudF5KYP7ITa0TFoUMYsWbq1k7ycTB2mwPpdcpimrLttM3GrbMikfrnWNB5rAY++l3jllIvdFv5s0DPHil672+hUzUFqgVVWqYp3YxRgMd+shwMvOEtV+J32c+xcwbkDm2C6VKU1WOoJPfYryrre5GSPv0res3lb4dNqQ/wy8gVbgYchaEVbMu78Ali4zsZbXnTDXqrgY5IuU3cmuDtpdoziZtOeyFbI28FtmAk+npZZhpRP2C4SbTppi5whN6X1qc60P7bzbEd4E7swZ4dOj22D/VgEBJpieTPvpoleI3hA6tnjzFq7mR4f/Bwo2T4KOZjdKIo5SLpTLLS64YaFOWKLGSShtZSBLKnlDJBSOibHcAtzlFYySELpeAaylBBTAkgpnbSMMokgJcROzQETelfMQS3JK+dgKdWrTE8O6ohenYclNK/JAy3Ja/OglOJ12LxqGa0183M9DiURmFIDU2jW6Q2cHZq4mBnkxqAfs6ztjJ8kSFLurlbLVCghnRR0tZEvemKvrJtOC1l3aVVB8OYgRdt2DrZgTX1aXgxbbbtPLK2jnqy7FLDsUFPAMZszC4SValfHyjywc1ZsyvEjwA3OTYBPhNvTyWhUGU6teYFpt8a+wa6AhI3Vtm2xTTOxBtEAyzaLqA/uarFBWkNbhoJ4Wqak17tsTdqLCSbRGflFpUcT3CWT9cqTEf6ILkzVstLn+Mfb4h+/zz8F67LQ+AIlfZF/vDYgsDPAffzj7/JPwVAKZ5N9GmxLXj1D6X1nukGwXQnCZn+qPH9bioJjMgJ7W0F5uQZ+vT+bDi8ovbD3+MdT1nuPv4XE23v8rST+3i0CLOzdIsDi3i0CXGj1p9j16ngQ0c47dzAcqHtzXKwozx46qDzsjw4i2ugDcwB5oPLWEGujvxcp7e/094aji+DrWHZ8MsLZLN6eDvdnlHzBhedhnyYHe9F0uL02PHcwZS7Y491BW6GnKAAZTXzCBE/Jm27mm4b7/W1WwVxbAha4HWL1TFkTCXFn08sQWBNtkAHmKWB5CUGYPF4Z+m8UIt+63N+P0f6sCQvWHFI1SS8peK2AA6Ow7gPopSVx9Am4SrYIiMGuk13I0W8lcs+zxUGAfzkP4IORMfyERshMTopVZRGYtanDaA9Sw+2z0fDc7mwOififDClFqXKCGG7PoWR0OKKYnWUt6s/MRP2TbnEepUqVb20ZFDcar9wKBe7LqEjNQEmLLni6QLhIHOvFZrvSIF0qrbWlfrnSMFbwWKNbl6Gt4P5LAPE4G7WI5kTFpiflXEB6iuOzpFeUSuYocmXZpldxFpP06tCWr2lvmijMtWIRSK8Lz5pg+fXl8KykNzDJAr+xXDaRy5tC6+M9YIMIIukDnTd1c7PdEP4eJEIhfTAbq8jvIZWOOXE/dK1WknE8rL7eFr/i4SE6S/oIzjbS/zet4YqTPnLDpo/asP0+umPL33ynTR/Tsum3yHmN9LG1tVUpf2uzZdLHtTsm/baWbf/41pmGyOmWGnaL9FZS4fO2dqcm5dtJpfyE0mp7k/SO0uqmlJ9IKnw/adPSefImDJE+ZbV2Vubn20kF76mkgvcdpTMbMo6nlU+bc+h3ltfMgnp6uWXKpXK3LXir+BhSLmNVJa2sWfoBoUThZ430VtJ10ttIN+hW+quSCv3TG3Y89LYu/NQ2mqdFb/CnjWPUqOLBkDZPt574JNLW6daThM6dp1tPfjxp+3Tr8beThrXTdWnXIUgt+F22U5mXTfGqSM+SCh931c/UBX53o2b8wXsa3TMd0u9i5xG+vps0JP2eTQROem8r7Ai8RyrwZ7TPtKXcb7c2JN1qd1dl3rdD3HHSQcfyEXUa5qS0wzTJ/J3bJDBHurtp64ebdtzP3Dxj9OX8ZrvTJh2R3kq6F4ZYcKXGpFKekN5Guk96O+n3kj6BdEp6B2lM+kTSGanI6YD0yaSHYYjtV+o+UqF3gVToXSQVes8iFXr/ilTofR+p0PvXpELv+0mF3r8hFXrP1mF4qxD8AV3eNBw+RzJC8gclIzSfKxkh+kOSEarPk4yQ/WHJCN3nS0YI/4hkhPILyBhWf1QyQvmFkhHKPyYZofwiyQjlH5eMUH6xZITyT0hGKL9EMkL5JyUjlF9KxvD8U5IRyj8tGaH8M5IRyi+TjFD+WckI5ZdLRij/nGSE8iskI5R/XjJC+ZVkbhPKvyAZofwqyQjlX5SMUH61ZITy/ycZofwayQjlX5KMUH6tZITyL0tGKL+OzO1C+VckI5RfLxmh/KuSEcq/Jhmh/G8lI5TfIBmh/OuSEcpvlIxQ/g3JCOU3kXmCUP5NyQjlN0tGKP+WZITyWyQjlH9bMkL5rZIRyr8jGaH8NskI5d+VjFB+O5k7hPLvSUYov0MyQvn3JSOU3ykZofwHkhHK75KMUP5DyQjld0tGKP+RZITye8g8USj/sWSE8nslI5T/RDJC+X2SEcp/Khmh/H7JCOU/k4xQ/oBkhPKfS0Yof5DMk4TyX0hGKH9IMkL5LyUjlD8sGaH8V5IRyh+RjFD+a8kI5Y9KRij/jWSE8sfIGBP1t5IRyh+XjFD+O8kI5U9IRij/vWSE8iclI5T/QTJC+VOSEcr/KBmh/Gl9NEqFizZju1a3K524ap44s/X+/r44S9rbmU72xL2bTfjXWx1NtpTWWxdnUax8bcNjyvO5H92V8lg8O/y4QX/WN7iLyt8cDqKJ8rwEJ76tOx0JUqsfz6JwcjDdhoQXT/HucFDEHZxuNySUQ4eAOJSXxXstDZ5J1ETppZkwjk8Z7/YHk/tist4ubgsxh118TLzWQTTrD0fkChHjjcURwXs9JCYRERsjvzCL9kww1VYtHg63OBjDxjKHTpGL7dbd8ivv2P/bLrfxzqYIg/zy1lRojumZ0jHDjPKuN5N0hbJuvHqG8ibizc7kdOAfDuPhFoLTqkDirqZOqmLMKSBWO3oB2uN4ZzLdU89Ui0MzYy/QasnkOru46mNhHdByfwyQE09VqgRyhYXgXuL9MrWL6krK+VuYq9QxC9mdHIwGZeGv3h8DgJ/rphOOTjSGzZVYmpA5vmNkazDdlL5YqxP7MtI1U4UlViejvckzh2V6aBEeR8aL+tShUaQXanUVoexzwzHHK+n57HAw24Wzq+egG9aTXVTXbEtPOMty9LnWCEUKu/p6cYrrzFsFZVVe8Xx0Ue0rvQO0NhwnBJhpgVSG5yI49Tm1ULKu9PepghScz1zk3oMStId2zJ7fvzCMO/1zMKEl2xAJovfJSjPRddv51du7fTleRNMYDJ2WTEfVigzfiyXfPIymBHmjTp+5Vu/wtD8ykV8TCNxCA7iaGsF9zPahi+dGF/d3Y/YNvTBIr5didg29uMX59Pz3HkxkIb9O6yssmU0YAAWOl3YYTCqdn9Z6eac/Gm0R41ujIlb7+tguSjmls/OrkwtQeaXWK5TIvc7Xx2dpuJjj89SdFovqhINHg1S+J0eTc3K1YFA6k3Iy9ubOThzNsERqWZ/aGybxxLTdlXuUoG97f5XWVw04ph1Gg5ph4vW+vrpiAZmcj9thOmnpOWl5mbRYznPSYmHNSau4Ay954SxcKotFN1JozElgycFzElj+F0jg2NHRrgzs4GqGf0Z7fCPHg/IKW8RiB7EacPi29tad1P3dBI8DRJEQZUqYRZA1ijOmCWFgV5K8P2QBjSCFwdmzbc+wdBZVcdWJU3lL2EB7KkXK95kFykKSurvJ+JJJR1+QUinehhSlRUzmZBrVclebWMid4TSepXKRvmAoX15Yl8mj4+3J3l6fIaza3ScLS2wpu4IYNGOQCTRaQP+XEu8PDp1tXrjUDi0akDEyYTRTXyoQt03VhY1sSvgGCWokmHQn+6bTH8zCobtLW8UMIUUDrvenTJuTfZ5RGx8yeiYtpdCIZvdNQHcjRFx7zMezCFTxTzrOSy2FbOzcDiElLaoQq3u1Di/ubU1GjnxsCvTLfm/zCZFYCHgEcWQbCeE9WkNYbEVMZkIWPTU+g+ehG1DYB4arSaAA6a1HY9n8kJDra5KnrA/iaA0tWBenhHFcHJtQjcaRGO7sNMeji22EftgfGWy/YjW/urd3MJPRmb3J0vXm6VJw9swrxXE0qw7gkvGja9MhOG/VWruKANBFCPSlKAqNHTb56gAH1bVvRzugnLe1CXGWlqkE0VsUycro+wIR9LfRlrU0Y3CTg/3qAN9W+WaGyL+TNWQlTeFdGo9Btg+GRPHdWi0kxdBQf68mipon5SVrer670FG/v+qkw/up33Sdogj/G4wmIhBhVwf/O8yQAVTuDwlH4oDuBvdX39mN9r4BN2sjNK+DUVP4lIS+8XRVUF81kTgdYqnwciDgFGQmeYi9X8/NYIbXmuIiKG9hJoXNFAMHORuKmQtvxr7iZB0zlRrL2AFUFoej3h8fsGFeDKMRizZinavCMF6dTAfO97kMQjE+2JLo5xZblnTuBriQ8TavvR9Be+fqAipEh2dShkkZo8nbMX0InkPsnKwwUQHoR4RyMXTe8g6+9xmr17GpRET434d2/Bt9fHcisiL/Vj9d6zHHRDZHdxoojob4tNOLYhA6k9CNBTQBcJTXCxjn/ck4Grv1tXgw3hnJdbXcOuZJLg3jblJlJLNs2S4n7et9jg6JVdxOoJaq3j/YGg3jXYhJx8JuZ9KJ+nu1jD3pxDvaiV/lWCR2P1HrcCbDzmyVkGruhPfBKdbHIYuJwy+fY2HeCl2e7uat/yLKbBz9UZibkaSJJW0fOCnvxEz0/xrhBN0yJwTjPLAd+FO20gM5ThSyo0KRJD0qLMT706g/AGMx3p3ch6w55KxGSHAgthv0JUtjkx0LL3rZdOIKx2xjV1q54DLHL7rMiY4cP8weXB3vyEHQsLqp9ODA7gj066Ggs4lUVKLD4Xby4iK5s5HYmnkVostEO0381zMwrnEkek+ZTUEatpMTB9uOa1wun+2Z87Q+0gk+khQ4FqPzbutkLEitOmAqhztDvAGUnlaW5mdYw03EjxPZcm5FRwiopfT6XnFzl1zzacmnNZ6Ukss+n7smxpFgFlwxRS46QIK/YF9Hklt0DKziiZ9jGxC/jKXAbgw39JKOWm7IuTmzF9hyiejeWOlLCNgxpC2Jm1YrveQF4KXoJXQUX0kU1PO2UrCh8gVEmYHKoiaii40+J2EjQ4Olio3SJmF7c8OhuMds2yeMOjxr7go8SXtcpxgE311omjcEhYDjtUQwoMx0itUCI3lQCoIK2+vm7oP4cguyvdZtvc3bAXi2Zch5HMuAgT8WH+zscPWFxRiKM2dYY1Fu4/TPxBGZEZBUfnx4TuyMObwx/xSrFbNuvsIqotQ8mIkDK4afekwc04GjKE4L5UUw1iZEOELz1gu7dT4GvITDU9qKJ6ODWeTcPozcdn5UX9bqmGN5c911qbzqWq8RBO4SslQ7W7o7JKNr5lgjz38SU3AHmyRnTuVhw9NV748P9kLsBRMRK1x/ZyOIVMQWGsoywOs9d4BVnLrSouGLeVzaF2M5HasnqeUcJbfQj1lqrrQS21qh4UDHM6oOcmKd/QQ1MidlWNWWBH0mO73fwjKCcB+2iGkzb+yXFFZuzsvHwZJd2DjMoWQ7IgK5dLMqLU/uSLihazfPCMRzr9X9YG3Nvp0rcA/RbEuu6B5LLWAH2XMMvdxOafuydj5xINz2mGyugsBMM1bRHLiPBeKaxMxoYj0oezLZtspdPGN4WS4IHIDRfJlhhnBXUOmd3QhY0RvVWqXXXOvZaq4Ee8kPBhghq/1uVyMNvdJ0O+WCEx1CLI3PIUWiWewAuaI3HOOjt42hp+jbTafGOZG2B9MhHOrBMN4f9S+axbAi3rkpGt2H/9bogACM623fFJAkzfDciXjQ4LwdaMvUtaNRn6Pwrm1Q2DdA22AvspE3mripJot7VcFZsr5SoX4wmg2l92i6NoxGg007FUzQNgsK2aMMOn8j75UnDFBOLfW+hOWUWkr0wz1QEoNN4jmr7FsjTK6Q2OFiaqEXpE1v7jHBYtpBMB7sy3ERMUQuKxspbOC77ieTv8U1u+XkJZ7y08ZksBWjlrRiNDl0u6JpBorFFcmH5KQeP7paqdTMYy9sp9FlrsMSkH0flDy5sk3rQ8sc3cQAhcrLvPwqTLFRA0wYWoxYgtpq86y1QCyokhMNW3Pb/iAma2WXoZduXua6HFUlp0vjsdtXsXgEJGYXLfaNbrEKbbtYNTed5mWGl75I9Lnm6yXgghTSqmK9dFdaxb55V1a1aEmmtUtlLmuDdo+btmpXFstyag6OiYFAjPY5wYopccm9Tkf5KT++Rq63VqpXzSu9E6boboJPmsLZpPNTLNQg4+WKWtBBk3ryJo4VDORKJo2dOgNcZQGtUsU9sLzaAtx7tWtsyXDlNr9rm9LY3CdfV27WW6i3gV9vWElGc8Ololeenon0X8XsZ7Woxai/FUnwSO9bTDl2vJpQQIZUj/oS7pZIkOh4KAZdFexKUukK0m5NeclK8i9LgQCOMftarh2EHHlvNnE5P4GaTl7rqcJsEvb3bJHd2BiwplFesS0zggQo8QI7YwJeG17AerClWZqhCR+YLQZfe8kdEOqTw8i5qpPR4IwxWUQzsOdrqa32crgbQ6LK04tVIvw0ic2FhlCvmpHYcvnIAQEPNBqJRA2jJop3Hhs4ts3obyfrakSds7gSOTvfNeG8wtnh4FzEVsL6xdh5xIFMW7oMBkMidzKAwmyIKZ319/ar8eRJd3DvCml8jymIQplBCXI0KEmo3N/Gk08KBalIlnCxEshPFZk3dXaj2glWm6W2LHVtHr3J0vEqwWZP3nI3zS8G/RAsgRfYCM9bIn6p1tqQu2t5dyargZw2PzBxPyxzgQCH3UB7AaoQ5ceEJS9Bzc9pkpIXYmdQoRBNYtfKGq122SNJtSwDlpo1THPYTkKxKai3ofkiju7+ABF0x8MLnUR0CMPjvMVhdl9aIzg/FWGhgdSJHY7ZrLyXmvOxzICkNvL/hP3dfhypBeWZjAXesY+fkDyhGik/V7QIT5yJDI6h4KQW9KSxVYGipBb05GHcsmddUWNWwBv0PJ/v8EaZmprxvt5Tz84Dne6qX/P0z7rd+feNS1KSCIvENd6i1f+yPg/b16K6xWUtB9EwDic7M7cth1IFG2/UXHZMxlaUjrXfALY2HI0SnJ+nbH3iBPKLQJqH9nArqWxQSd1XLAcdpAH/3IibYmVusL+feGPkf1Ujk8u4Ys/1WOi5qsyve47HbbhMK4FNnKLNlNSP+0c8tnd6k2dyog0PWL0o1DQyds/4IEL/b9hKD+uTyXg05B5pdDHp9+P4V7sELrFBTgrI815uChw4JwxT8eqkIpWDAf9yAnZng7TidWmFCQlkFb+SVMjxIAO/PgHn+OGkYtmg/nd0bIADgIJCgEu9306DgVnEpObPcjXCsMA+kINZpgT65zmocCSwD+bOka0+Bi1WL9X6D/RlOVxNUeHyXShNyAq2IVGl1T/AdlJs2T2LSATuZ1Mib2xevv5CogHGwc1U4KNaPQtqBjq/rv4VubRBPlD1ffmKTGe+34JTo5/TwI9p9TIXYZtX3xfrgyQaBfV8J6/hTpItpHs/1Z9OAl6ISQzER9yWU7Or/IxZ1D/qOyQz938tByjLmq3+KGIs38pI/yYhFqUO9Qo826vV8nyjr2VURNKVaCdWz/H1C3DAc2DkG6uvefpHPTdqkcIbtPrerGhticwPO7YTpsCxX/pfc7uFaUliYu0o5vgYjGVi5BjwgiSERsTGNjQD/PF51jBmXCuJgxGrZ/v6hYR5iIeWptHqwZYj9BtpYC2U6Jz6uNZf0XMgAnaf0PqrxrYnLsMkKdgh7CcNarK9q6L6A28v29Le6qmvm8vkkCHghFyb5G3jKrtA/9y0v78rGwG+0LK67gjIIp5Oocmb1mV1/VGYRT0zYy2WRgw+9/OvR6uHXAZsG3TSmk1WjtxSqceoh14CtMhdgZfZ1dR16mFJ3lZtSjF3LXaDevg8xKKdxZ9JbgLH6tFZyVZ/t0iowX7Hxfw3J3lb9T2GnCjJy7V6TFKwdfc6Teo4qHqFVv/OSJ64w7A/Jny0tzcZ1yQmheMpsZd/M1eLR3VhdtDn8JthPJtVmKJUhizdSMbBCstj/UAey26uIq88ynPyKFglebIA+Afz4BBXhCV4TzSdUPXcfFXjwL5Gti+hp+qHLlPpdEDNiLpfWst1mXGD1KH64Xx1WV4qX1DPz8PSfe9Z6kc0mzxmLCE+Vr9kMVM78T4w+ozHXtvepN7liWNEucUxH3kaQlr9RQKuIR/Kf8kx+EKNqZeY1N+zfRruWHPOL/vkPMj4MW/31D96MktdtuyaiX4lfCyqP9VSwwY5Gm6zCR+pfaE/m5wj5DFojpudNRxe5Ijh0vrPdFLBneNczQd0emeu3u2rv9diSoTae3314UyxBBRj3vVzDWurw8Ew6/ZnDKxjL/8F9FTO2riEG/1Bu1PrUIcoXuNFRy+Xf9iP7RWPe6izgWYg6+fn3v0suKzV/qdwZXDe2LRFm7Pgb8+eDC25rK14Ki3Tq4DltGArvyPGPhFyWJHUgr6T4Gj6nuh4WrCVTx/AHgYRPRmrZX0iV7QIpT3OA/B2haQWVJFsNW7aQCp1V80BLNKawIwZfYunfi/nLzTtWBjW1ZcAbdN1bA4HwzSydU2+bFE2YuPNuKc8y+qmfNmiNCzImEH1EHVzrmgR7rQQVpF6mHpQWrCVbVs2v/V9hHpwVrLV4Q4uTub5PDIr2vp7bAMLEoxH5QEW57si42PF6pNaf4vL25peJpiyC+XeegRkEXek3/VoshfJPeLXtb4tD7A452zPCVCwbp8HWbxdeQfBOkctJ/u1aAezmkkdEf+EziO0RdBHMF6SYaxOZrPJ3mWo/ORRnMsRemmGlNUMZUvdR9lZyujcTx3F6UzwJajNUH7aBEFwulm9MZsEo0b8ZqX9jBwdSltHAvrP8bYm4tUwvg3joQD7BQez3KbgVzmwDDEF/qIDmjGl0Fc7KJPLeQFFlyXzWgekK6u0DPuXHcx2lYJf58DSVQr8FQc0XaXQ1ztoaObXgrG/eaH8qrfLFmddiFQmM/Ug9cDLwa1qtGL5ragYGbWq2ANcwVY+05RlXOwQ8HA+X7YoIwNq9Qey14Cyly9bFDoEVGYmMD1mkao1dcEATx/Y395uqIumbGsr6oPaFDdSth1BOvgLW4UxN95PVvEhW0EoBn/wtPpLW7QuDOUP23KL7RA/IRw+S1qdVv80Bzb9VwkexbD0GVuVZ9xWVdS/c1W7w9HANV2fTuS3YZ+1NY4tM4VA//0c1CoB4M9ZsCFj6IfRaAfhfN7Ckw2fJqqmfozDGsA27uw0ju6Rqb/ApP+4BZsfAzfUH9qS49nNFD2929sbjhl0pN5TUH8km3xSeM9cC8MFOsLRZqZa6q+5mA/H6PZ6f4+11J/KAvuohwK5a2Q5bhsv/0dlQdob3VDuNtKKF2YVq/RzLrNzmL4f0xkp40t8SqufzcE6tOJ6+uU5UCW7qf45TbSS8Rmsu/AsM6wW3kI0PYxCc40D07/FKYSQpPFdDH6baEoGkt80r6jfznglKCjX0p/V6q2axZLc6naoUh31u7muJDY1OZBZfnses96nwH/GJv2eppDU5EbwDgkScQ9kyuyyTO2oL3eV78x1EJrnvCFKNiuZJ8BiZP48Y7WakY7Vm339qazKTAUSMpFJ9Q5f/Xdtr3aMK/5CT7/flSX0iTdk739e5Om/TWQjwQVoqJd66ksZLODAD+S/ZJAaIzVxAfUKj/vSFG5as/WyD//XDEp7C/vnDFZG65gsw2qsftrT/zOrE5csvSB5uaf+V66KYapXeuq/ev00ih3jvOn/7O2hHriN4iDGmFr9bJ9YwJFPPx1X/1kbaBd9ccZiWf035sUcWy7zru3Nmn32fqs3WZxwoF7sqQ95YxbBkdd2b9LqizA/iLgu3T5fY5M7wL9Ur/DVD3ojfFoU93AY3WdwP+AjBsOcc1XxgDXDdy54GYHJ0NLd6Oe4Xh5EkxYqtMVSw+cnlhhL2NSQe7+v/m3Slm5iYoqy5L5cUF/y7jMBbHnsx6EfIUbqfZ76iRy4bL8kssj9mAVWrATCg63ZNEo+NPJeT/2kqy/3tzk1lSAYM0vqjR4KY2uq4/2DWXqz+mJf/byrkG2ee0QW4isdZGNyiBUzavUeQo1Yo7MGHmL7z4vcGfUvISJZIIjBscGFv0UzzUH5rCNXj2b9gYjiJb56noMFhyJD9SJf/7CDtPAs2F0u1qPxgTX4L/f1j7hKw7xoT4M5NBr0Ml/9hG+UoD25LzHZMTFG9WbPgDF2B3vjuZrfsjU0sCqHo+jhTBugRT8r25gB/zbBSrfAsWdy/mDid4bmJYTM0n+5pL7FkuO0tc+ZMUH6skfAyr3M+4Bm/LEghvsRtn3amIhmragf8s0DNcz2+7X6H55B6QjEUPmgVv8zByPsxZ6qnmcpdaK9fSJiEoN0VyU/4g+GEgXZgxskXB2wF/wHbjnkANieTGYUP+eKiWho9XnusU2rmqmRNwaG53/21BeSKkfQ7H9f8dR/SuC2Sat/EGNzv+qpL6IuLRZXZSjLQvTga1ZUHPKD8cHeGsYD5VSv9NX/sPaZChlqUvEqX/0AATQ2RvT+mMlYj+ZpffPdljFrHqons5KtXpXVZze6II2OnboEaJHLkQkeM6dmMTftW5UrL4Va9CDGoFaxfVPz9BdbdcM8xKLV9oaMpzYkAeVGEley1fUZGtxBZ86zOYDwgHzZojS3WI1zXzp6pHrEUZhFvYtVhsLlnUuczm+6FGrR7ybkMOAqwHwaiP7U49Rjj4As4jOsEEJCHcBiNgv9rfMgi4feERMzkxCLV/MU9bh5iEXbGhkFkUB3rL6q9bflyhZj2z7qFh0gJq8enxVt/WAHNUPz4/MEncwcMlXxJUCLjFk0fU/WmAOt2IjSokU4tGNZRepWL5L2YN8nwUwW5de0foFGckY3RQuoe5GOjVeTfVHhHvUL7ClyUgr3WFq7iIZJfZXDI4QSE7/YUq/VtseOCCcON9clA8Ffd4hMFPO0TYg3NFvAd7NbbWcwuIfIb3IdysWt8Vmn0ThZXCvsi5ZKatmf56m36b578vJ8T/1hsmva4LCAa2YGNt2eWVTv1mPaEp+jaNb9l7T6IxP6HR155/c5rd6TVIjzIsYvQYDLP07qMulWRYqMRBA+r9V7L8UoZa/pvqjVnxgElMMYtHvVXxlZ9PFzptw3iRzdJZqcx0pjfFqZANmhP27d9zI06RK5yXycVn+XEZAbK6FwPwQ+oc9HFwncnTuHZN/lE0U4nOCNBrJVtXanRHaR9z9q4VQ2V4I6u6vRzmSK10pcUAZ4r/4P7majhlMRqxd4+j/qGdMtcT6RvHqNr/4TEwKju03uPVinMIofM8EuEvQkDyM/hE8Sz7JjxPOJiW1FA0PgfT6OIiHM3XqEATag1xTwe1AK5llmGfacJrED/ZQXD9kjOO0l9wet/jgayXBf4fW3GYmJm2106jVZHu8tqDd4EshrY3HU+wrq13NINfcS4o3eoaAAMd2/raDelELKWJ2DPUYmrvg+F2DqN9M6OeGuXgxxCKj5sEcEM6kRGJWxentBvzUPZVN8r1a/k4LaEQEGdNko4+sKxEaTGmHF3HLF6h0F9bspvMMsjxuYChj/RAoNtyf7YL6roP+BrYYt+SIqcoEzlvqMZ945hOYCiUWvnsvdtHsa+WZP/Zi/hY4xLZsJJZgcCJP/3TtSA/glRXZE7pVYn9ZmBBfYWAZSywT8gD/FbCToZ1D3FW6PxCZPdnZCZvAgFkl9uqD+vQcLtEuWmgF76o8dOHGwBPw5D3dwb8jOLIiWinp/Qf0JfOQuqun+fR4axIaOM/omT/0pcuB0iBe2gzOhPlRQf8WVv+gp2mRUmvG8S6uPeNtig9o2zJ0Zw48U1MdQQgO1TsKK+ltvMNkm4k5gPU/7wwX1d9DmfohJyD//iFE+/Snr7ZQge2h9Hq7xrHA+bVSzNJtNh1tEmWL1iYL6JzMKM59mKJ8pqP+Iu72HF5Z+zOP7cWQSkPt4x7O1+m9IBH3ijiymJ+ZRcQXhD6Kd/sFoNlfByO/FVZ3mYfzf7IVchuNM4xuFwjUTZn/TICLADImcf9LfcrY5Vl8pqJf67cvS8bzZcIZ0VhT2AZueXot6mxDOjhee32eH3acIbb3H6Pu1iXwOR3mcikyPfl2gIkEIqGV5BKz4X6vUDeVpiO401+U9icB7CdCr24+c+d2GyxUcmhR7KbRovsK91myfte9fFkx5tVQ+4wCLBmBeEy7hTuO8m/OAPU54C2gA0aMh3hVBSa1jY4YzQP5nvQh1LcVGToysACzMNbHQ4jBu2ma2vGD7rbh9b+6s5KEJmDPO/fKWg73B7BZkvdxzSllI2Y9M3u9pPV8ZUHMRUueNWmaPO5O1XHGLMaPxQWgcqQ2ogog/xv7YtxPwc5jDEcuaWiyL8SFP+ZtzEPXwejWUB0LIWx19zaflo8frbflIePaozsuA1UbFPo/zk3eByeO8gn1al7UqWoB7ipc825fvb+eg9s3b4jwwee+2NA9OH8Ytb1bD6mpNlMu+OayUOvJGaiV5pHg8fTJ4Iv3Qs3RlmOgdHfPJeRzT+yVIpzIky8flaV1xCdrlyV252mxXAEiHqQivckDXMoVf7eCmxxR6jYPaDlLwteYbfY1OTz7UFLQ71UD6u86Kstzsylvc3CxdX69mr0JvkKefSeFGqUkFeZNUpaUHmMeR6RvOB5pi8lbyZlMybHSqzYZ0/6DskeWDTa177/mQ2tEXnQ+TR25ZR49IdFd2+9QVyFbJR3KrJI8SUM9SSRcDUJYvm266XgQb0L3KK5Oz2zkNc7Q/Bu25uoAKIcqqnuHF7al3F4SeW8odoUqkgJ2LuEB+481IfgKS94sXgCTkhwO4yp48X0JafD7Qc2Q/dQlZhxOAkJGMAWImvZLxAVquA9BypD4DqUvqAyozMvuuQjizqNVZtGf8HeW5R4ZqtWY/YO+I5R2OrLPPp53l6gMqs84ESEgh6SnBY18Y942LZh/hfhYMjtfY8AYzZubVnxHw5cDNFv9FTxUOCZ6Ywpc8Vdw7iNnYpfRlTy1Y0p0U3dMzydei8TmuKLCxFmEzoeDh5s9wXNkIstp6SpINY4JLUxHmYpiadaBWj0H1KvkISBo0EanZJ5gd+yk+7fDyERSd/LxjTv4O0RJ0IRUhBxF1t1n5qHDuVU872lFecYyM7GYA+/gv8Mo6eNZkb2sYreGMiNvQsOL1t/PNG2nDryPS/G8LiuXL46lCZqxV3lhr+Q1Tu1phP+mF5k8m9GAD5quNjaBdxbpUazVrU2yFP9dD9jxJeYVkCG4xPtc3u+CmKbAl+qPoXH/7otvdO1H2wqUwR7Miwlm2Qh7b4ROIQtb9kaUF4aMvGwv7Zo5c86q0Lc5kUp/nq4W8gBb3p/JqjgOXoRWr5/tqKc/l8hwvFuz5EsmxeWzXDNZt4eXa/tzHllD2ucYdYUB+IWc+52XETqKT36chYraDRjnoyY/GAMy3bh1hFH1mucoxxRRXtB66k6H8+NJBX+Brr5oDzxOBxkx4eqGv5MiM3L4BckcwlSevkFkWxttQ8ItPKd+VF361ddcCOWfjaNgPtrovvyrz4z1SLcPuBRVUyf6Owyt12AQ3ggpaBYp8xzbs2b+kItV4NF22SOmpm4e7R+MmoLzq/HKw3Td8WbLdRrnUCcjad9aygVHwbLPMYM39usfmNwkjoEYG5OLWDat3/llTkukgOpeGuK1oFktl2VjpRIWB+GYdM63Z/FbY+p04fAPshUENx8TUOi+dXBFWRVLO+813xgUnx7TJVEIO6LmHl20ysD5DI/FsybohGsl0UE1Z9ZZDDydiPRC3p4Gb6L7drtrVcvo3T9wU5vuUAbL+9h3ISSLf3xAM08FLWYjDbcNPwXLGTZSvi7FhOxo0DYxalmDHPlBi/SzuomcAlzBxbJTcaU/22C6ZTi2rD+9h7q5HXdG5uxWE5XbVfG1PlVsy4dp9hM4rh2Je/dOlzVKKU5CwCGnxdGjmZ8F4zXcKaLF1d2fDAJfWxTwvhwZ8LDxbNY7xypmmPPAnd7zdDQVyYrVkPqd4kmOXfNzZyO1UVU4fBBmDXGQcY2pf7ieVFTQuqWQ3IzHWuEToTj46fb9vfZnofQdETtacyor3ZHprhJiEMAZ3RBathdrWAZEKe0X3WszukL0Kb0mkn7znlN9fRI0D4lFTSoXVrIEqGA/WKke3kRV0esxgK+vV7FcPfcvD2J50vGMjsobMr2FUYjksYn2L6thlWGBDluBMGnvgQM8A3+Cr5cE86I3o1TxIJIqReZOvCoPJfWM2WxzCtLMiOhgji2i8fTGDLoh4EPN01rQh3aJalJf809jw39ypUY/OLVWyHUkq7MD0PAPCk5ZaM1ZVNMqAOJQTVyIenQowgXjGB7uz2zTGyd8ISlSTK4SXk4ZKvryuaubjiLptvjGKhzGP5tlqZavxVPLVTlpY97r9YDooKrgrzWc/JxfMJMrrFYeyb2pmi8ZvQY1sBdE9X8//gjFmYnFs5WNZeyA7A4qAiynlwFDxFodZDx3AqqPYt1LQ3LU/aptW5G79fbaqThbdxYW8JLhbJOiOBkgD8fJwwmi3sCfRlA3uDwBRXkx523SHj45xVVltDPzdbOxjjI9doaNhP1Zv4RhfnowJU0G3PyoZxmQj7rscciEQ4RDEecg+BlAyKMq7OeOsAXVWKxLOYB1Q1SZOcwrJD5wLeTZ8g3OXKmQ4MiA7xtzAQ3Ote+Tdg/yoWy7+qTdk2vKT6ARiX3EsSZRndNlrgeVLrxeOZR3iLsRzj0ZWLL9rXL5LvVrWx1lS075FcItwS52YGbEnk2BEcnIetikWT72+oE6ZOXTCfLenroCc675N7zMbYks45iIQqznuTkfVcSO6j7MYoKvmSau3+urqeZBZ8MzeNaaz8PxwvzMRESPfa1PQ6sXSnjlqLKvrEKGd85hm+vq0mOnI23x9wxFWrRRyvN54BKGaaP9hlDqCEu+/aZ7bEExzhn7APDw9ST9wHg7+GePr3ZwqZwiGBC9b5oEIkSy3xx+JX+4nvOIIuQVYicw7H1U8E9yd/JKOPeNMAzcnczPEMum7Vpt39fAcyXut8HYSn022g+9BSIRSAa4cVZbU+eiibP2xKmqWh4G6vt6JIdqAafuG2fMOzG8IzW8ZGKxXR0rwaI0pXeX/dEuzdXev0hWzl3iGFlnMkjTWe7YcDbpocnUAXS8FrV5Mgf4O4e8zRoiF2Hb0Hp/ja4JqEavI8pRYHQdNCFj4YsDWa6+CvBNuDPF0u2tyaQjZnyWPpW1F4T552IDOFXdtSByzFgmhDhKhfjHFr8rDa/fCemmHdYtW5mHi0B2yWuTu8Ri3xueGqKtseZRXEHxu4o+bHjatUTcCOIHGuGcxnn9gRgVUzt9oUejisgLijAJiNnZAfo15w1ak73S8pQMzNp0MWpydhDXi+HlWCpcdX/Ey41uYxzzr5HZUQIkUlzZhR+4UcaO2++PDfizXdpF7AMtutM+17cixzSL0TLkSyYI1QW7baN1qYaEufz6IHXTbBqsfq7StN0Rrk+2+Gc+W8nLgkP2U1W6/Xzc4StFS2jCPldoYVpovcrznDuQ8QQhwiBnsm/UL1fCIbTFPqaDi7phT0+t1mHiWFq75IQtKriLMr5DIuX717mTGLcfMFb2Yc6HLJzYgbWxnszixJYf1jQgwz9YAVRNTNxm7uoJrtorh3+eYO6sO5FdKxbTPMLNoJdPQ9m5+d4yPvYa/iS52Jvt7E7y+bS4ORCPhB1uXs4bAULh5mKGE6k3dJWUCF4uK281R7TJMSOX/DSOQshblCDNCF3zYmYeDDxizX9hkqUxC8cDK3Dmes+x7RYvesM3pbhi3mBVYEe1NC6EoOBAf/ZKIiexzxMR0oW/GIg+zjXsRyzpGx4qB2IJBNGglc2e7MxpmO9pHblDiqig1BMTYWg46CIVTGmzhqjlxVKSZUxsCvMQsOulWmHqy2PLstkq1A+JU5sJLI1pzopARbREis1LApk9wf0xnn8ZXH0f3pQXvEuWqiHL55BI1BIISDuMNi1kdN6L7jgwBbRykzH1G4kpJ7GQmEyTPCoTqYjUDJ1PE9MRSMr3oo90m7IVzdOAuTujkwAXzY2z1RfYfsd5lYyawyvG8NXH2x60u8wOeBjPmyuYQFyYtEF2c5GmNPgzwa79heymHSZu2GeIWxhqoYDWn5clY3HoUrrrj2qCgDKMcjUaEx6sCWUghHP8NZHF+TltmqMqXD+Nzi2EOparEhYvNEmmp16vcXEjBm2/K2jIPjZDMvqGCwNDUyTnmVH5YwY6bKDnGPJTJIegtv0xlKceGsUTi5sf1idJZ6uqzKNWl4BAy3Np/ieNrnnwBtccKp/T9rXk9TJZClSOzfKbUiw1+arX9ZGj2Z+lM16VdC0eXYTRMOXJEHROx+mfOdHNMms2EcHu2WXE9m1BbE1lakqyDBRql8orVl329SB1BNvvpG6KMKAImDIGzf7I1dmzZ25SjWxaLk8OTnEWiQZlYEBpAkxKCGXGESBRbtjrAsylbuHsJCAfeRoQLuxX1Z8w8ZiKQmKQJL6pVbtjSku7ihsCb8O09PIZBhobUF1kgSd9CznnAhNklDvUMLIF4C/aAVBQXwLgKH2TR7zGcSH3IV9maUffqpckWHR0iDmzp8iDCPYkaluYxTAZWxOzcsfqwr1fsTCS7Nbdnvnx02G0xTasLsfqor0/Q1RRuV9RJM7UJzoa1FyyYU3PwVmKjqzKTOQvDscmhJOQrMgFY3iv3KWW6Fauv+Pqq7dxkfpXj0uHctH3NV9dgHc5OiQMiu2vlc+JrHFpClAJd0+q6nOVKLGCsPufr62fogZvYz/vqBimGqRS/4Ksb00kpmZ0pZKJu2plsH8TNcQdk15azz246/88ucOJJhhdmG2bJUK0Ixx/39c2Hw8vsmp/09YO2R0OmBzGtqAebrqAiT0KqAwT3kMtRli06R/0Tvn5of15rv+6rh0WX3Tg/5euHp7ODzKSnYBTJocHyhfmBBTvruj+ejC+KxnUTkN13K7DmY8k4JMaWLl5KiJoRUezv7955EE0v5oLkc2eiRofIFbe8XOibP0CoW7Xuuoll4UbOUcBSxXgV4uM36JU+OSHuYxQxUVsJ9ecVlC+1lvs41RJPb41YFCac4iwZi87KB3+W0TPlnv1+XdeeB2TG3dXfEg6LvUbDPM6At6M9u5/YGzwkyukFuCn6M3Iin0VVoKNVcauKeMxy+7dIHJA10mYRIu9BCLQDNgPb2zeNF2NAXfmyJgenenZ9iPXLWKCBrAaQ6FwakMNcfGPKuBPhbLLPcQgSRMasNzFtTPY4e9nxe3MmaRiXZdkQmZUWqQvlZDKPO86ovITAU9lo8ep00h9swxQXs3PY2/NyfyEtZvA6VS9i+vaTftRLC+wDib628mB7V6teXFALdQgjC+ypYKE3Ot+Vhy0xGfM+xmmFfA7BqHVSfk5BF4dCuw9Dl10Gzy2ohxgNUs/XekFyq/0Yw2a3yAfJtWN/5Ezson3rqApqKZbwb4gfbGuWk3JHWH2aOpaUyzgodGbAT1cr5u0gbBfVcZN1GkuwyhTX0vP/Sdtxq39xhKgBnIrnFo3cpz+/oK/IDT5dEi8oqCt3oLRpT9YM4ypDvYqiscrYAi82D2axiGK8PWJ7IJYm+y66cLVBbCF2Y5auQVOI/2F8R2zXo+54IKZt+7x6WUFfZ0DtKAe6fivRC+5nCvqGabRt7WwYfe9BhMa5e4FFdaPpZ3WKGu5yVCDSsQbDdug3mbqAUBdXGiK3N3vqAftyyLk43i4xjxgj0B6YfoaDy+HInAPle9034zvPLsqD2aq9y63BEiN48PZouL8lv5VLd4J2dI5/cVEK+qFwhySdBYnt9L+8oB6GT9eO9rH/CKls5xJiDw8ug26PZm4yjtijozXpYwNPNM7CUuycRltYrF5R0AX5Km9JfqaQ65oj+DkGzlQln6SDZGW4s1PePZAo1kpGCkuhtfVRF5Q3sN8lbFDNosEhMW54VSgVbN5pdtGWqgySZYRKMvyFbaEel8wvqBFMZxc9ERBdLG4RnBVFQ1IbQxbedHv3Il3opf1LYcuXQ15nQDKTx/YvD1+R8SULw1sYM4RkhJC024EsZsbo5BCrVxa0L8VV6U/QCluSa5keGvMUivuXgy60kzfVRieV5/56ZKVHYjY4lfwZdp2iVmQ5esT6yG/Y+JGeJpWGzqsLeKt9u98LtgGq43KXH5Rks1RrtWZJtlQdduTvOJLzSrVqydxGmtteMvJpznYQuj9YX6ybu+qF/DuLRfsOS95XUFqS68XkacZytbEJRcE61mhWgt5aNahV5Kt5ppOVhL12ZMMWGZtL35jNlDvLTzHPz8IcP4t5fpaSDktje1eJGt/Pu4gV5e2gBq7EAatvLlS4YykYD9vCn6GK0YX9KZab5W5Bb2B/2XOvGdSbCmzO7gmzhbyL27odVnsoVtyC3lxQy9KxjN5CXs4txRglMYu3JB1bONc5K0HaH84aawQrrK6Wh43pTb77O+S2KH+EWP6arH1GZ69CzeuClnlw51eqolvkCsGd3VJNpqXYaHbkD7qbjywu1Jj8XmfDTMViWug12ynK0no7QF3bpoLycr6cRzxWMieaFTN1x+mF5ISd1OqacHOSVg37h6hPwa/52GKv1myeMY81rmgE7rPFV1bhot3tbAjmVZlEWBBRWkjF82sFJb+DceDS9NyBbNLccBR0ukDqyYyZOD6zb6+swckWETi4ewYeqzcWsveCa8l80prIKA43hyha6n68Jjokea8xN5/WMaWtHNE75nuI5hw9JmOw1FtpMxTr35yeMRwZH9XUGQp2nXhzT3DdOxe5nmj1SlTYj1PKpKbMipbRuxmG3E/pAQBD7LX0iJDmV+Lr8K6SpmFkfitB66FYcz22dhxvcu4lU4ovRDalH4arEblxLd6ZE1yGEFCLty5fbBInBuKHORwjwE0HMA/ulbpO/lRnyAVJIMMzT5PM9Q3jpUhgZf6drDwk6Wxk70H9dWM5CkJFHogJTtF8ydcUKS2EG6VWWrJ2xBWWUNqm+Tzqss31Eht1zH7ENC2vuHJisI5n71fd90qdnbIfLE0fwp4yRfe49YpaNf+U9cpL3rpeJW93zAuRHPDqDJi+grjGkGVpEYvCPsigry0jcvyfWf9Ci+vTHXmOqvyzgXzHW7Fg203mA4EOm4Lt2Qcx/dEm+zNnJ7cecDO1vFiRH/KoenL/X2p3qmUzOh0iBDok6zVKmyR+yX0SvbAhf2WtuHEr/y5s3Ma/ixu38+/ShvxlteWNO/j32IaEQ2S+VtLHB8fXmk2kQO4E1g8rF5I9KTinNgR6BdsWyZVzbxeuMu/Yru7Kv9ewNLqk19bkT01eVxHY9ZUO/95QkRHfuFZd7xoaN5Erl1puAA+oc/okfSCmk+Rm2VgeFNT598GiDEb2DwnrKBaZhwpXD2PGhc7D7+SfR1TWpPU3lVZXhc1HuldAj2pLz49uywC+2W1Xj5E/eE76LWXsIOljmTiSbw1L5q+gPu7MqvD5bRh8kseHRkC3yGBuFcBtMrjb3V/UfMKq+YOad6xWZGaeGLaMpX6SYeHJZ03ylFa13LED/vaw2W2br4I+tVqX8XwHASoZ4dNqpdVAxvWd1UbL/MH1p692Ox0jl5J9GkZuVfh3b0dYoJ1k8irkrQwDWU0ltgnya81ux9Jax26xd5iZ3KiDI2xVjc9g/wLB6Vqwbp/gnZFdS4ZSE11uT7C96hmJ3jWwgiS3l1otc3Fq+3zQaqmBSSBXFktZC5h/eBDhV5zhqDbWhEDgRrvmZnodlZUv5ls6G4TqbK4aBqW2+UO0p/PP505kev9g1n233kiV9uHEMQhdOEqPqFTllX/T8PDISvYd/UclEnustLTL+VvtTDzOyfXxkqJWwucteIvCxa1sqdLrE1D9/J9neGK7eZbkSSQJ4SeTF9qGq6d05Akjmad18LpWjZKV0nnV5Y2gfIarcPKefJ69HBjV9rFKoloFmO46TopJPtdmIYGJLRbxLqZqsJRMuO1zOcE4Fpbb3MJb6Ir5zK3kToataiPl6xRck1xJgjYbrbxK1Mr2enWnHQTSK/lrmO/VpoVfKyMgvU7kZ0HXC4OkN0hq+7zRcJII6ya6EHSyDxCypA+U1JG6WaSGQ0V2tVQLzEI+U2vKbNXqpfadXdOibt+DkkPP6mY8TYNdqZYscivN3WkVy7J33L45IHfFnC17SGaSHuqm5GEVlqCDfVNQb21gZKXHR68F5obhmzFkdoU/hnUUtM0fff6WaiOEDdvq25Jld5vos9k9KNwRJobt2zE2TI59pPhUTA5XWknxO2gp4v5OGR/p05PjS1s0DS3u3UIhTAq3UugkhdsodJPC7RQ2k8ITKBhVlcIdFO6SguHx7nQLuEc2Ezt135VtNd8t69ctbYrfI9MY9Jys7sUhWDdWpVc/8ptFTw/iQXkU9cfmq6Y6dbysBxjhq4gn80E8mXxVABwfJv0O8Y7A5dQsMbb6hEPikBjb0XiFX5bjRMv9QFF57k9oqOxPaFDQFcK64rXOI/vYw1JZrMdl/vIGJa982R9M4kpaC6nMD4E6TfvTH8raZAQiNQC8EuY1/dljdmwqzh2bYurds278vyMHp+HY5YuENg1iaTrtO0IrujjXg3h7xu+Uv8KSngBRP2afjE78Kq9qptS3NclDxcIltHApZ0LuYzi6h6bHj+JKzqHFTF1uVj/JrF5SH1DJ1Hr9BMgwHb2PQ2+jT/gq98PZBD3RhN18vXq7d2mLHAOfgoGAEJXxc13cNErKNJA7mM+BE4/7+/Eu9yjqsxxkghTDgaG4I6E3i5xVCwHqYpN+Pl9FP0ZWX0BWo779wXVGtyNV+RM9LneIixp0jI3UXYwIqZfG4v3w7tDa3wImvtMrtcQDKTYb5tUVs0ZpQbbssLQZkF8sSf1SaJW0xUkk4lTVR9Yy21AnIgKCko7Ma3xT1MHcNxuZWzb9gAq8AOMN6DmCVp4FYnsj+Y3FKaVn7kMmpsS1ny01kBzDl0MaDHyRoHL5foJ8ULNRHZnoMeZAAkkeSzwX/mzaANqW8k0AsirRIQkg3n+01HzafNXdUGCRFkdDYmDPKSrNlSUXR+q5Rbl0P8SEPK8IWQZHZIoVZu5/1AuK3B7YO7r+lH76F9QLi1x6GlCH2Kj5aqR6cVEtJp0YqD3CeX5ECIvgm0z5Xcp9dCs9Ty/r+3nsWTKsZQTNvRPTL9c0HONLZr46GxzesVBMYrXR26wG4pp4TXaC9iVg9zdYetZPska9kLzyzNmzglVB90sFz9ku3xgzMoUawkvZkkEpTy5GaSKskXp5DGZ0JkjPRtoH5l7H20e9mF+fdTCuysOKsxzNJ/KqqjA/aGZq5sb9NZbRIOXx65iJyWyX22n5Ia/QQmUihJQIUn0VJTOw0OgcoVNiS0OuRvMYCwJKERY3RAOyvnPzIsg6ThDNRUz8L0FcE/35lyCGRpcS9cpa2D8ndA+o+xGXQMuKmIKdsM6kJWLUTKtp2xHSoodJ446TnPJlWrID7/+hzlyeOHvWzNF/UZGYdn4ujozS/KmLMBlpYSbXEDZfTIIQ1UGTEKDNN5kD+WoIFiT7nSgFYoXsEbaYw3mPxp5JYEfCRptSL/2WRGq6OOMAzdYyFiuA3nFBhgT9PdbvsioMIvOBgE2z7yyr4uWp2GrWqCV1aIpMQ4rtQlXp7x73J9yqmBeLlLz7kveF/pALSi7M0PF4No1m2/IYsXh4SVdcyBT1Qkp9TTwT82P7KOmAsUvkDWfH2+nvDUcmmhULF7F6WVEXcjSBvLSoiwexCapJsGHbfqcENlwfhkLbEtfeZDSwEGjKi6m0YMcbSi95ZAOgWnCTvEW1LQ2MixnXYscAG1KgTSyVto7Af1F+qEbDBJBgq1cU2Z0FVb0qwTG7VOL7Ka23Me/muYq5O8lQoMKtuHxS2MhLxwxdULg5tW1j9Zqi9kU4phG2Kt7e5WZ5M5UxficjUC+n66nj7NVsEZEl/1r2iP8fIhkAAO1ZCXRWVZK+773kJywJAcJmAAMioCCgLAb5332gqNi4ACIiohIh7IQl7JIYIPl/hGYRECOioKKALYuIQg/5Iyhb04g0Mja4tAFFRVFBQFFE5/vqvfw3fabPTJ+Zc+bMOTPd57cq372vqm7dqrp1L5ZlK0dV2/6X9x+vnjzHKts0x9p+dUrvDr2ndW3b+552mf3u6t3p4X5Dpg2698Y+qpZKU1Ztla4aqsaWZeXblrXIcsq/SlAqIcFSylYJVmK3MYMmjs7OmaBCVtKjSqnKqhoJ/ickVcVsdRnkXG4p/J82qMYqwU7smTU0O+Pa/+irWmT9T6tbkxU+t+XzJvz8tpwJ2eNzskZl3JUzamrGTVk5k7JyVUj9s8LmWzAGa6JAC/YkJ942GIsYPmT4oKzxGVMzcrMmDM8dkjUoe3zGqKzcjJzsQdm5wwdnDc7OzRicnTFo1HBMzs5tlTEcZOj4rJzBYzKGZudOGP72azkZ2RAi45AzOnvEmPFZGYPGQHbOxKyM7BzIw5+js8cPGp41avi0rEHyDYTmTISA8WNyITN34mhQWJE9fhJkjcltrWrPgv0ZMLUFFlKgrroDEjE8PmuC6p09dOKorPHKQNeUQ1db/8uXlRBVql+RUhsTE6wZSn0/a83udDuqVt7uDP2oaSgBiy6oNFOpskQVaqWsWaqsUWGfT+/AjD6ZDgcrzGgVukdZBUoVFb18JoQZDfo6hRisMOOe0KPKKlQbd2LGEDui1rzjQHVGhRmPhpZbKrQMwWGXW8NRBfV5+V4HhIw9UxUsNrgVyj/U5H7EtT1LdZlscDuUL/Mdu1CVJRncCeWvb9BfWQnABz5k8IRQ3pTSFcpKJF5BfmIor3RCLWWFgG9/3eChUP4HB65XViW7SJVZBk8K5c/pmqGsJOCnrzR45VD+9LTWyqoMfGMPg1cJ5W1fsUxZVYAPzDZ41VBeyW3VlFUVeMYkg1cL5SfNqO3PP1hs8ORgfjXgC9caPCWU1/2Ns749B/cavHpgTwLwhd8aPDXuh4jqnmDwGoEfqgEvq2bwmoH8ZOAFDQxeK5Qn+5IEPKm5wdMCvZWAf9nJ4LUDv9nA11TwT51gHysDv/CgwevG/RZRB0cavF7ghxTgbScYvH5gP+3ZO93glwX2cF1rFhg8PVgX5XdfYfAGgXwH+JrVBm8YxBXt7x4zeKPAfq63+KDBL6+w3n7HDZ4RzBd7zhu8cWBPIhJrlW3wJsG6LOCnQwa/IsiLJOB7axi8abBezs9MN/iVwXwbeGozgzeL2xNVW9sYvHlgTxXgs683eIvAP5S/tbPBr6ogf+EtBr86kE85mT0N3jKQUwl57dccH28V+C0FeMY6g18T+CEReNkZg7cOcBv52zPd4G0CvawPC4cZvG2wj6wPqW8a/NogLyhn42mDXxfIYd5dqGBnu8A/1YFnaoO3D01PvWYT11uk9vYweIdgvYnAZw8weMfAfgf41tEGvz5uJ/QWGzwzbifkv2rwToGdqcCHHTH4DaH8Plsf9POrgW3wzkF+MV8mJBs8HMQP479PhsHdwB4L+LkOBtfBvtcAvqrCer1QfrNQV/ohojY/ZPAugR9SgadV2JeugZ3Ml1/yDH5jsC7my+2PG/ymwP8JwE+tNHi3wD+sb6fWGfzmwM81gRe+YfBbAju53iX7DH5rsF7a377M4N0D+2nnki8NfltgZwj4ZxcN/rv4ORJVmyoZ/PYgzpnvS1MNfkdgJ/PoeJrB7wzkO8DnNDL4XYGdCcD7X2XwnoEfKGd+G4P3CuQwHzt2MnjvYF1VgQ9xDX53/DyKqpq3GLxPML+WXRB0BD6OFmDzM9WpF/nbxeB9A71pwFd+YPB7Q3mTFtdj/BSqsakG7xfsS2XgGwca/L543CJ/5xu8fxC3VYAvPGrw+wM7KwFPvWjwAYH/ayBfkhob/IFAL/OxxW0GfzDuZ+TXBIM/FPiZeT2sgj0Dg32knOIVBs8K5NQGfmSfwR8O5Q9O7cd1AT9v8EHxdUXU/mSDDw7WxThsVcfg2YGfGc/TrzL4kEAv5TTwDD40kMPzdPqtBh8W2M/6kNbT4MMr2HPuYYOPCOTwHOwz0uAj436GnDyDjwr8XAt408cNPjoeP5j/msFzgnWxjg3ebfAxQTxQ7+FDBh8b6GUdWP6ZwcdVWFf7bww+PlhXCuK8ijJ4bjCfedo3weATArwO8OeTDD4xlL//uUTKj6oDqQafFMhnHdCXGXxy3M6oanKFwacE8msCz2lu8KmB31gHJl1r8Gnx/Y2qW8IGfyTYF57Xk7oYfHpQt1kf7uxh8LzAz5TzQx+D5wdyeJ76/b2PPxroZTwXJxu8wAoCmgdVcaYZmIEB0cATNfMhMzDTipf0IjUl3wzMwoDkGHvrKcVmoBADsvlM4n6vmoEi6BAvUccUVoNgIIIvRAeP560XzEAUA7I+xktJghmYjQHZCCZUnwoLfAw6ZOU8mc41MQNz8IXoqI2BJdeZgbn4QlzCmE/rbgZ+bwVBzyRJGGEG5uGLYB34ooJL5pfrYBpunmcGFmBA1lEVA2lLzcBCiAoKeUSNWm0GHi//gjr2bzADizAgOpiKo940A4shSnaQuVhyyAwswReyH3UxUK3MDDyBL0Q5vTv4jBlYii/Eu0zfX34yA0/ii3heHE80A8XlX9TAQOsqZuApfBH4CidbmhlYhi9kHfUwEGpgBp62/F6tsmWZm338sq/sRx9OzXTSHtG6XqodXpLU1+nbtHH9qTPOb1iWoBJXhlQ13GKr4I2msqqkkpRKtlIetZSqjgvuDKU64Bp7HlfWJwpVRmP87ilUBZPxexa/XbiqhXAta1WkutyCC/K9uDJOLVJj54CuBX0Xv5NFauXPEXW6WkRNqYsrxNURVS8cUcPuiqguAyJq5eCIyhwNrCCiti4ALQZdh6vYDlx/DuHvz/H3+Yjq+Svu/1WiamytqOreCFeI5lG1vQ1oO1wbNPDuCoY2wN38pVlqe10YvKlQrWxTqLpkwdD1uN9/U6RSE2BwGgxtBoN74e8RMHRhkSooKVJt38M9+AIU1oTi5hF1pDMM6xZRGf0jauzoiErNw28O7jqLYNBLWEgJ6E4YegTzj0XU7K9h5KWoOofNWV4tqkbVxeNEQxgLQ6e0jKqm7dUsVVAdG/YyjDuNy3t3XNQnwsAdoMdxOadhLgwbht9MeG4xjCvF7yQUVYJhqfDaFVDYCbRrRKnfRVTZAHgxG/xkGDcXdB2M2B5R2/fDoL/B+C+A/RxVt1tRVZwYVTuTo6o9DKuXEVWDm8LI1lEV7gTqRlW37lF1qhe8qPrDyPtg7FkYl4nfKHgP293lW9z86+CW37xI9czEtg+CN2HowXUw8gxuydWgtAFoUxjVMaJWatA7I2phFgzNgTcLcAOejdvlMtx4X8DYFuC7ayH48PxmFVjWDEvNtNQsSxVaqshSEUtFLTXbUo9Z6kW8s+yz1J8t5x1LHcAMWz1pWyELAYtXLkRuVYRHPzhwo/+gN8dSufKmN9sqmJnsP+xdxr8bWo3U5aqZBXnTjh87Vv7jkMP/4J3SUs1VA5Vi1Z+Bv9PVlaqVKrKVCtVvo6z3p5x0gSqbTPt27Ty71qwuOs5gxB8CVeoHvBi23vSMrvrXF7Y585/MEearZtfq4Y9/E3Y47crQDBegO/qLi65TMCLs4qfxc0+vjmgBXntmAz9zE/se0PLJvSnfaMrYcvaSFqG111fyqIXUuTK0Q5jKr3ykv53+m3Z+O3xBv/bMd/qlpxO8rBMHtdM3JdlrvHGTJhUtZJ6/uaNu+3GCd2ntGdep0e8nWDjaTW/zsT536XDYyXxsB23YRi2kyprTdaVMcRZ9UyJMbMJ7+suLa13nYv5XOrvzJ+6eHj/q3lsbaee9O2yv7tE7NanoIzN0yEuaM7acjWn5pNKMf9WUcfiO41qE0mZqIXWW1CsUBge9P+ORtNbBJ7V8GTScQklFCxmq5Qyxg5/QMMoQSymUplMLqbI+P2h72DZlk9mxr7G26TW7ZVTbv6tme6vGxnxmy1nXs+/rlGYYfOR/BarUUex7249Xia+chW9NFIYuln3Hf9wxNWe5fT590cUm+vu+aqz79/s+/8n1ese+59yyu97Rzu9HfeFel3RKr7ysjX5x7CXtXF40Urb5L02eFhrf9y4d/gaHYAYiSjNUhg4Jed8fgoy6R1O8lZdt0KSihQx9MP/JFA9xyGBK8RZ9M12A1/dO0vY7+/e7caZldKm2GSPC3D/4ol6ze652yLx9fg0++hYB96Z2uD+tou9rfKN/uvtT7ezpsUXvyjitaSup89FP+cL84Uxvf8bUk83kk8S+Kb6My4u+dl8dv0aTFm6fo20yf2xU5I+8s/92fefDqbr1pobauS6plWzrDy0G+NvKtXE74V6hzp8mlQrD8Fr21FOu8/b5L+HrEvdUrwsa26lt+gjTXaf7sZ/15NLL3cmln+ilN80NO39stEs2r3w3VcRW1ugvtomvHSYZmXzvvF5/q+U5dstK3gs3/6AfSUuRDHTyvNremJpva9IfWizXNhlEiLLH1HQMM3FxsXbIcO6RF07riYuPaOezFz8Ut+Z5rwt1OI0Mokd/fhBpwEX3mvdXJHc3zSSVIL8u6RUY0FqX3TVP22SgRdmF2/dJURKGC7aT7ZYSHcJQsY2la6kRNfp10tPTvkU2jdN/mvSrds5dWiIrLV+6OmyhLVwfFac4M5+4SZg3V1ymrxpQ3XWwqy5dTdpzXl1tk1lSr6lnd3zwBh1nPnsxXTtkZtc56ka+7qVlEy7mj9A3Dsx2GV6kDkQLc8sbr8kWo9Juh8GOi9x6HRWqT5iZD6d0dnrOe1IsKTdNWdxG+swmI8tlEsSZ+BAZtQOron/gpwqOog/jDEb8IVClrHFuFVmPpCiZGzbvdZ/9rrnn0NI1u1t6pKjXPtAq2lFmrGtwg/8JKwhlkDrLd2YIsyujrYZbPOfb6Z5+fW9HjzR3GGSQoVDOEC2sUlRLGaRqC2oPvQ3jlLh9T4+6nmzI7ddf5dHj93Vq7zl/fu5mpI2H7+YIdbBdwjz73Wqd3gbGPH/zG0jZzp6ltosNNt1PGUi5V3S3ua1QIZ9joHni9fAnbTzuGCnOqeHCZJ3oqd+fgk9O9crEBl3hkbaM1vFsMsg9Pw7atzurhYHNvtGgcG75vsgGyQ5wy+JMfIgMz6QyXwAZmeSfNAGDEX8IFLKbbPxeHMZdEIY5Ly4dlHpEfEwqG0eGG8cZ5Rsn+0QZpA4rLhmeAFiHhyIUQgntiEIb8mTjyFAoZ4gWphXVUgapOoPK8t4dz0vYOiNLJgiT53VA7fqnDw16hTOk4POTbnNPoXx0gHGXtAhl8lILqfPS0zuFoVeuDKF+8dAYWXIOMhK9dQ0+0DZrUe31e7TDcvNDi49Qog/oez49oZ0rPvyjHMkMAlKUyiJhWJN4Bkgt+s/P6O8P3SEz/u6Mpgymiwhl7aYWUlFLhnagHXHFMKzDpaVMApu2Mz9lMSiMON/LWBPDslw6lesnVSeQK4eafCgRYZOhy+xlTx31JZHhKYTcOKohUv+t6W7kxsfaad/uNVkrSyypM3TIEGH29LheTzv5uXaaX5ukeRbXPXrADX/yrrYx1U22v9YO11cw4hccmi1QxG0PB+bD8HElJMtCoVj0LmE23HpM82iR8OJhQDr15EvaJgObfaNBEc88uLkoh20oGToVVTOMc/6Au/SmqjjUVoDOdZ0Nt2a5fzhzyCVldRYg87GuGnmMkj1IQ8Z2RhvWl4zfPJ7ynfWg1GJEaqFQe/nOMsM0/XCqtrlVZBiIwvB47tLhQe3APP3AghtpKA7g+j6gq/wVne8VOG5XuE7t9bfi4OmJAlooFLv6vDC/Hd7qz7h6wLtySnArWPPsHfuOSag4PP9Qb5AVMZwF6FbLz+pyj6iN/7Cq89SLMzOfwPFHc+58GMcfUhit1nfY0TH6o59+1U5xziLZEUYfqU2GDZnzwYEtwvAkInVYJZl1v6x9VSh6gqgwdEVxziE/yLku0tuvf+wfnNEKtx5UA+7R2t09SilCGJ55OAFK0SrM+hfcOUrRY5Xg0C1lExG+YfPemHPjwBNhBGKMzkN9LUXsPoUeMrkUrhHqsMkigyrETIw53Bpojq1r0F+jtYrZdBzCPGw/sGAm4i7dtb9qdsb31c/5VfyKmth3PkrGjBhNgftPxnhqI+RKnfAnd+nq11xXyiPqT5N0qcNWjdaXL0dZvx2eAodNLIHZs24QcbRSmHd/XKzxpWuXz1GxBGWBka1E4rUTBkt0efCjhIxDpDr443AYs1ybxYFpjCNnK/KsxEVDIoEt62SgdD82Taj0FWRGlmymUBeH4i4NQS5pcU5NLQCs0Wx7mFcOL05sVC7c/QKOgv7aob1MGfiCsvyWjHHDdv+DA5O1kzusBna3ALl4wmVb4uCERUlYwE9clDANSzPdy4v+oEkfWPCWD7ADROq5X148qXFYlLpstLl3DyxAzYBjJRAzH5shFL3i08IwDpfUS/CwDe/q5TuVx/xkS2qzsUMGsf0upTH65/yXNa9eTv2EpVjlaXSQM4RK/JNhccBp7HfdSFjpx5kqAtzXabNmmaPp0J+OavY82xYkPhZF78yu8xTyJ19TgeTQy2cW4Zq5CuuY76cO2w+n5R4saqZ2qIHXDRZs3tLQMZ0Ut5Men5bmAwhVl7016o0rq+T2v773Dewc4qFLh2e5l9sQC0LVj0h+rEHySlqL/yv9EB4r6Cp85xcW9idSauIMRvwhUKX2wlE4L9xKM2qXyoUPtwHXRh1Afs3ahqq1XhjGJDwWdtLbPCBZR4qy4QqAlaPKzHPhLFc+wQzcuD8UioMtEbt0GDexWvD6ZhdlvgmKxmKXVGSQwY0O531jXMCqutIS45MwDxOoDzsodzjVd3aGmQCcEhujvs3lxqtfUTFuHPiiFB0cZQXCrEKvhJwsRYE+60JqKY8V1j95roHomIg+vXp3jAmOEhKDvUW0orRh/1VC5awhg/IDYW/EUEIc9uIxUp6iOEMcj8kpd0p4wn9CuH/wNp8hatdPqGMYaHaRgXU8+CHG6zVaj1LUiC/E6vJlKKv3VgnssHPkhbHCsBQi5F3JRboaoCtVCwewtFWkNEEARitnsAzIJwwSypADjkJZPqiFFMXyLWFwxCIfld8awl0SbcenHfafD3i1JxUtZE6vvkVmbLutmv8EQZWUIbtLoQDC1ELqN7zS6DGryLAGMF4cXj9xndYsezTTadg/AY3qQE0q+siwhnEGGhYtn/AZgTLYFopQbhW1kMqGkmF1kRn3plwjn9BvIgNLdCmUVLSQoVrOEDv4CQ2jDLGUQmk6tZCqdWgr+aiEJW5zmmwcLwxyhkH13+rkKQOf0KhxsjvUQuq0uHavMOw9ZQZSw+Mna3ZX9Z9/RpakyfMPqWghQ7WcgU9c+YSGUQY0htGV7RHTqYXUXxUPWIdPYWQO/vierBmX9q9QLv9Lz36UIRcGCuXuLN+5Uqi80JGhq2UGqxY/YQERGdwdCiUVLWSoljPEDn5CwyhDLKVQml6+FvXh/2+Xvzv0G6noI0PPcoa4mp/Q95Qhm0Gh3J3/4e2ytpzNQ86ne7hx7JIT2V741nmfYQciQ+Vz1NvY3A23dvXobWjrJUzrTQ948l735cXh8l6H8ue/1/WaNxlOfRuPapP99zoyOBwVTxfD8CEOrXa2zIWpAI5o56tmvTxW1bu3aqFO1om2wpxe3QwXfzik8isNPJ4hukpdtG54r/tlbQ2P7QMpy41NBlqUzbIM6jOijwz1cSNEX/2E9+XM/6rZq0IBLBWGjZzoYxNGfXygE310L/WRij4y0GL6AGFYwuVeFGeW1NtZ4X2Q3QqrLf/5gQ8ZDhs7ehZNt1CHbyVkWJz5w5FTFb3UFwiQ6h4rrf3q+CSPF2peSCQR0ts09PgA62y7rZVsU/m+qa24DMHqME9CB1lVQga3tRha+lLnqgELYmiWSqE7hkt1KeKiKIamKYZ7U6UYrzrsiUgRAONcMkxVPOLE8K55GN3M5hgpVheTbkIWzVofZzgkdw/0zTEc0IzVUr4nyIWm3DRl8a7BxxwoOoPLbFOPdx5ctDxYvVleA0nlUYkMH5U4Qx6V+AlbM8ogdfp8eqUwfL/B+vhc0006T1J5VCJDoZwhWviQTrWUQSrP1WxLWQ8QQPnCwFbSMN6T62lspfvBgR9dnM0umqXtLhttUrQzmi+tvjvgWN8dZNjO4hW9haQtX/H5xIBXijwk9jiXPQup/LMRGcYpPe7w/YMOZr6i69XQpzzsIfQpRH0B9SlUHahpvLGmYRCWymbCgvoMFdu859BreJ24yLsiakQZoujjMLp5/9m+fOlqMgOolR/gZHCrcO0bNu/VDDibl37mDVq0btIXCSPqy/8JRRg+xki7CP+6mLMTDeQ41+bTU5yBBl8FqFJ3K4uXQXB86P9Hl13cQFz8o9JMn/n3F+30Ns/4n5fLUYvRqOMix35vG+8ewiDEEchoy2fXuY//cBcmlaaLDNtyzkDP6son3AXKIOVJItvCFkdmsAvnJ6QigwyFcoZo4SdUSxmkSv0b(/figma)-->"></span><span style="white-space-collapse: preserve;">Identificar y satisfacer las necesidades de clientes, integrando gestión eficiente y mejora continua en la comercialización de nuestros insumos y servicios.</span>', '<svg xmlns="http://www.w3.org/2000/svg" height="32" width="36" viewBox="0 0 576 512"><!--!Font Awesome Free 6.5.2 by @fontawesome - https://fontawesome.com License - https://fontawesome.com/license/free Copyright 2024 Fonticons, Inc.--><path fill="#33447f" d="M288 80c-65.2 0-118.8 29.6-159.9 67.7C89.6 183.5 63 226 49.4 256c13.6 30 40.2 72.5 78.6 108.3C169.2 402.4 222.8 432 288 432s118.8-29.6 159.9-67.7C486.4 328.5 513 286 526.6 256c-13.6-30-40.2-72.5-78.6-108.3C406.8 109.6 353.2 80 288 80zM95.4 112.6C142.5 68.8 207.2 32 288 32s145.5 36.8 192.6 80.6c46.8 43.5 78.1 95.4 93 131.1c3.3 7.9 3.3 16.7 0 24.6c-14.9 35.7-46.2 87.7-93 131.1C433.5 443.2 368.8 480 288 480s-145.5-36.8-192.6-80.6C48.6 356 17.3 304 2.5 268.3c-3.3-7.9-3.3-16.7 0-24.6C17.3 208 48.6 156 95.4 112.6zM288 336c44.2 0 80-35.8 80-80s-35.8-80-80-80c-.7 0-1.3 0-2 0c1.3 5.1 2 10.5 2 16c0 35.3-28.7 64-64 64c-5.5 0-10.9-.7-16-2c0 .7 0 1.3 0 2c0 44.2 35.8 80 80 80zm0-208a128 128 0 1 1 0 256 128 128 0 1 1 0-256z"/></svg>', '2024-04-26 20:29:10', NULL),
	(2, 'ab', 'Misión', '<span data-metadata="<!--(figmeta)eyJmaWxlS2V5IjoiUjVSekEwUlUzOFhPUjliWGZ6Y1dCVCIsInBhc3RlSUQiOjcwMzcyODUwMSwiZGF0YVR5cGUiOiJzY2VuZSJ9Cg==(/figmeta)-->"></span><span data-buffer="<!--(figma)ZmlnLWtpd2k0AAAAE0kAALW9C5hkSVXgH3FvZj26+jHvFwxvARGReTA8RCQr81ZVdudr8mZWz4w6SVblra6kszLLvFk13azrIiIiIiKiIiIif0REFxERERERERERERERERGRZVmWZVnWZVmW/f9ORNxHVvew7rff8jEdESdOnDhx4sSJEycib/2VV4/iuH8u6lzcj5S67nSz2uiFnVK7o/hfo1kJeuWNUmM9CCnqbhi0c2XPYAeNCnk/rK43SjVyhbBzdy0gUzSZXhgIrQWDayj3wjPVVq8d1JolabnYaHaqa3f3wo1mt1bpdVvr7VJF2i+5bK/SbEh5OSm3g7V2EG4AOhaWg0bQA9za6N3ZDdp3A1zJA9tBqybA45Xq2hrpiXKtGjQ6vdU2vZdLofB2Msfb6Wa3zTgC4exU2GkHpbqtoXyFK9sRX1ltdIJ2qdypbjLIWhXGrGiou6odlJuNRlBmsDlmEg6vvnx1wus1hh966VUb5XZQh99SjVrXBoxrSxeGMRNwF3klTXRpe5uJBASHlV6zYQgpUzjbrnaEKd2YDKLWbj+OQINuqWNGCVK9uWmy+uxwPBiOz7UPRoLTaDbuCdpNKlSzYuqFgtWUR1EZAFKVZrkrHJLV5VJjsxSS89bbzW6LjL/WLtUFr7DabNaCUqPXbCG0TrXZAFjcZDjNNrkFkTHpYq1qyC4FtVq1FUp2mYF3kKvRqWPtYL1bK7V7rWbt7nVDZIWuGpWgIgJK8Y53gruEpRNMTFkAJ8O766tN0c9T1QadNQyUGa2Wz4iorgw3Sq2gd7ba2ei5tlc5eRsGry7LWlitNctnKF1ztlpZN3p9LbTqMtLr6kGlWiJz/UZ1faPGf1J9QwgBO9gbXbaHsNu1knR609lSuFHtdeiZ0gM2S+1qadXw/8COy9xsMr0y8qD0oATFraoHMzyzVh5SCsNqyIT2oNzsSt1DL9XPoGaUicqHpYSEmzaVAB9eb1a6ptdHWPx1Kih9ky21m2cpPDLc7e9HZ4ez3U50YWaV4UHhnd1SO6BWwaebN4046k2zVLwOncnMsLop+mmx0jwroilcbgqLrVK7VKthJlgd9V7bSXRhHlwL1gS6GDTWe5USwiqZzpekzHLrSmFZCmtVQ/WYyTdrlUBmdaXDwgvuaZphHm+1g0qwhgJWeq12sxyEosonmKGgJvUnE1XvhVXH46kUVO/WOtWWAV5RLzW6LNhqo2Um4sqN4K6S1dWryhvBZttkr27RzIGvaTJsmxV9Es6ua9W60v31pTZyT4Z5gy0lsrgx7Nbr8NI73W0wz4bATUZdHxC2gqC80VvtrjLJAB5otAHLhjVrtkvGSt28OorGgzprWthBg3qdDWZiXSwrtr9dN/ZcV0rtM4GQ9twgRXV9Waisw1XMJcVCuVlrpqWiUX/TZiHE0picWdq0qDRZOpSXbJOkuCyKiPKSPRY21zo9Q4PSykapjVq7krHjQTuw6/dEcFcZOdmRn9wws30qLHW6qYm5wvRC5spaF1E1w2pHuriq1R+OnfYuhU30G6BCoypVpoXehFUgOgVJauSBbSMrIDRVbBEwP4WB5JS+UK1bMRexr6erZBY2WUZiThere2y54XZ/FFnps2e2g07ZCH6tKuPU6KvprWP11g92dqJtx3GhimFqs2OWWEBUqkq72cqKeq2JmWQm2UFWa11h0Fstlc/Mg3xZv2WzGyw00agqygFYdVtYaFJda541GVjoWB5CNKLWK5daopmFrMSCapfNDlIUopVoezLtz4aTMW2SfYKemV/kSl4z3OqZINM2rxb1ZePpTId7lJI20O5tBG7mdeNgbyuadsfDWQzddkmGqlrVu4JaSEbDNXupYHrlyTieTbMZXmTmgSupN0PS9ZJsnR58OLH7YZldn0xhDYqVnm1RdAWDvRDOppPzUWk0PDemQUpMsaEwsWQ0ltdlPYtc7u+jkcl4GK5RDZ3aS88uaJGLDMK3xeDObrXG9oyhA1hwOiUmzDomRcSH8mFAU9BCftdZzPaV3i2Ul3LlWykv58q3UT6WK99OeSVXfgLl47nyHZRPlKvtcr73k3a0pydDkUwdf6MNVK0Gm4GMQCcD91Ynk1HUHzf3o0RBCt2GXamIkWaySZLXYXcV22zy3l1mARt9NcLfmEyHz5qMZ/0RzZ1lzM0tumyk4J3usr2vVQ2HWevNaDobsvQE1mxRlWu62ux0mnVyXn1yEEflg2k8mSIftoUSto8KVW43Q1ZatU1eB3cHsvRQPUoe3p/pqlViKNjCMipOuYClJymSlKs1cgt1sajSZJEpxqcmt5TOnykub7LYJ9P6cDoVBtJVZGadVJsMFgjLyI7WERX2Kv1419oTr8wuDEhlCq6NzbHrodBqrANSp1uBpDrclMRrVcRD9oML+5Pp7Oga8vGGMOlsfm6hqASAL2T61wkgXbJerX9xcjBbnw4HlkjBLqucxDMGPbvK/KxNqz+bRdMxVWBVW2aFYKONrdZmPg9mk3YUD58F6VREhh0jmZQPneY8adaZHoy3nfp5lWoofpDQVLjc7KZkdDi7OIrCyI2dqWuHTWcfOxwBSHQZ7bK6wmkEV6NRlo3F7wT1Fhus8fMLCRmEOYtSSV6y35DVyW6B4ehvn7fTmI5pAwN9D9I1HGg2StxWk7fYRq/p7hLpWpF6qyiZmBjyvmlQnhzA0NS1W7i/dojdTY5f6nZk5yrkSBUNqdMH8Wy4c5Hi/VJplcr4npuBPZT4trwadM5axwApQSe0s2gMLkBOJWH1nqDXaWJljIDmACgdk1ytt3DvKUkNOFYarUk8lMllPwHkGFelVcTetQchg3Z2KraZvYYDUqkFWLnUVudF5KYP7ITa0TFoUMYsWbq1k7ycTB2mwPpdcpimrLttM3GrbMikfrnWNB5rAY++l3jllIvdFv5s0DPHil672+hUzUFqgVVWqYp3YxRgMd+shwMvOEtV+J32c+xcwbkDm2C6VKU1WOoJPfYryrre5GSPv0res3lb4dNqQ/wy8gVbgYchaEVbMu78Ali4zsZbXnTDXqrgY5IuU3cmuDtpdoziZtOeyFbI28FtmAk+npZZhpRP2C4SbTppi5whN6X1qc60P7bzbEd4E7swZ4dOj22D/VgEBJpieTPvpoleI3hA6tnjzFq7mR4f/Bwo2T4KOZjdKIo5SLpTLLS64YaFOWKLGSShtZSBLKnlDJBSOibHcAtzlFYySELpeAaylBBTAkgpnbSMMokgJcROzQETelfMQS3JK+dgKdWrTE8O6ohenYclNK/JAy3Ja/OglOJ12LxqGa0183M9DiURmFIDU2jW6Q2cHZq4mBnkxqAfs6ztjJ8kSFLurlbLVCghnRR0tZEvemKvrJtOC1l3aVVB8OYgRdt2DrZgTX1aXgxbbbtPLK2jnqy7FLDsUFPAMZszC4SValfHyjywc1ZsyvEjwA3OTYBPhNvTyWhUGU6teYFpt8a+wa6AhI3Vtm2xTTOxBtEAyzaLqA/uarFBWkNbhoJ4Wqak17tsTdqLCSbRGflFpUcT3CWT9cqTEf6ILkzVstLn+Mfb4h+/zz8F67LQ+AIlfZF/vDYgsDPAffzj7/JPwVAKZ5N9GmxLXj1D6X1nukGwXQnCZn+qPH9bioJjMgJ7W0F5uQZ+vT+bDi8ovbD3+MdT1nuPv4XE23v8rST+3i0CLOzdIsDi3i0CXGj1p9j16ngQ0c47dzAcqHtzXKwozx46qDzsjw4i2ugDcwB5oPLWEGujvxcp7e/094aji+DrWHZ8MsLZLN6eDvdnlHzBhedhnyYHe9F0uL02PHcwZS7Y491BW6GnKAAZTXzCBE/Jm27mm4b7/W1WwVxbAha4HWL1TFkTCXFn08sQWBNtkAHmKWB5CUGYPF4Z+m8UIt+63N+P0f6sCQvWHFI1SS8peK2AA6Ow7gPopSVx9Am4SrYIiMGuk13I0W8lcs+zxUGAfzkP4IORMfyERshMTopVZRGYtanDaA9Sw+2z0fDc7mwOififDClFqXKCGG7PoWR0OKKYnWUt6s/MRP2TbnEepUqVb20ZFDcar9wKBe7LqEjNQEmLLni6QLhIHOvFZrvSIF0qrbWlfrnSMFbwWKNbl6Gt4P5LAPE4G7WI5kTFpiflXEB6iuOzpFeUSuYocmXZpldxFpP06tCWr2lvmijMtWIRSK8Lz5pg+fXl8KykNzDJAr+xXDaRy5tC6+M9YIMIIukDnTd1c7PdEP4eJEIhfTAbq8jvIZWOOXE/dK1WknE8rL7eFr/i4SE6S/oIzjbS/zet4YqTPnLDpo/asP0+umPL33ynTR/Tsum3yHmN9LG1tVUpf2uzZdLHtTsm/baWbf/41pmGyOmWGnaL9FZS4fO2dqcm5dtJpfyE0mp7k/SO0uqmlJ9IKnw/adPSefImDJE+ZbV2Vubn20kF76mkgvcdpTMbMo6nlU+bc+h3ltfMgnp6uWXKpXK3LXir+BhSLmNVJa2sWfoBoUThZ430VtJ10ttIN+hW+quSCv3TG3Y89LYu/NQ2mqdFb/CnjWPUqOLBkDZPt574JNLW6daThM6dp1tPfjxp+3Tr8beThrXTdWnXIUgt+F22U5mXTfGqSM+SCh931c/UBX53o2b8wXsa3TMd0u9i5xG+vps0JP2eTQROem8r7Ai8RyrwZ7TPtKXcb7c2JN1qd1dl3rdD3HHSQcfyEXUa5qS0wzTJ/J3bJDBHurtp64ebdtzP3Dxj9OX8ZrvTJh2R3kq6F4ZYcKXGpFKekN5Guk96O+n3kj6BdEp6B2lM+kTSGanI6YD0yaSHYYjtV+o+UqF3gVToXSQVes8iFXr/ilTofR+p0PvXpELv+0mF3r8hFXrP1mF4qxD8AV3eNBw+RzJC8gclIzSfKxkh+kOSEarPk4yQ/WHJCN3nS0YI/4hkhPILyBhWf1QyQvmFkhHKPyYZofwiyQjlH5eMUH6xZITyT0hGKL9EMkL5JyUjlF9KxvD8U5IRyj8tGaH8M5IRyi+TjFD+WckI5ZdLRij/nGSE8iskI5R/XjJC+ZVkbhPKvyAZofwqyQjlX5SMUH61ZITy/ycZofwayQjlX5KMUH6tZITyL0tGKL+OzO1C+VckI5RfLxmh/KuSEcq/Jhmh/G8lI5TfIBmh/OuSEcpvlIxQ/g3JCOU3kXmCUP5NyQjlN0tGKP+WZITyWyQjlH9bMkL5rZIRyr8jGaH8NskI5d+VjFB+O5k7hPLvSUYov0MyQvn3JSOU3ykZofwHkhHK75KMUP5DyQjld0tGKP+RZITye8g8USj/sWSE8nslI5T/RDJC+X2SEcp/Khmh/H7JCOU/k4xQ/oBkhPKfS0Yof5DMk4TyX0hGKH9IMkL5LyUjlD8sGaH8V5IRyh+RjFD+a8kI5Y9KRij/jWSE8sfIGBP1t5IRyh+XjFD+O8kI5U9IRij/vWSE8iclI5T/QTJC+VOSEcr/KBmh/Gl9NEqFizZju1a3K524ap44s/X+/r44S9rbmU72xL2bTfjXWx1NtpTWWxdnUax8bcNjyvO5H92V8lg8O/y4QX/WN7iLyt8cDqKJ8rwEJ76tOx0JUqsfz6JwcjDdhoQXT/HucFDEHZxuNySUQ4eAOJSXxXstDZ5J1ETppZkwjk8Z7/YHk/tist4ubgsxh118TLzWQTTrD0fkChHjjcURwXs9JCYRERsjvzCL9kww1VYtHg63OBjDxjKHTpGL7dbd8ivv2P/bLrfxzqYIg/zy1lRojumZ0jHDjPKuN5N0hbJuvHqG8ibizc7kdOAfDuPhFoLTqkDirqZOqmLMKSBWO3oB2uN4ZzLdU89Ui0MzYy/QasnkOru46mNhHdByfwyQE09VqgRyhYXgXuL9MrWL6krK+VuYq9QxC9mdHIwGZeGv3h8DgJ/rphOOTjSGzZVYmpA5vmNkazDdlL5YqxP7MtI1U4UlViejvckzh2V6aBEeR8aL+tShUaQXanUVoexzwzHHK+n57HAw24Wzq+egG9aTXVTXbEtPOMty9LnWCEUKu/p6cYrrzFsFZVVe8Xx0Ue0rvQO0NhwnBJhpgVSG5yI49Tm1ULKu9PepghScz1zk3oMStId2zJ7fvzCMO/1zMKEl2xAJovfJSjPRddv51du7fTleRNMYDJ2WTEfVigzfiyXfPIymBHmjTp+5Vu/wtD8ykV8TCNxCA7iaGsF9zPahi+dGF/d3Y/YNvTBIr5didg29uMX59Pz3HkxkIb9O6yssmU0YAAWOl3YYTCqdn9Z6eac/Gm0R41ujIlb7+tguSjmls/OrkwtQeaXWK5TIvc7Xx2dpuJjj89SdFovqhINHg1S+J0eTc3K1YFA6k3Iy9ubOThzNsERqWZ/aGybxxLTdlXuUoG97f5XWVw04ph1Gg5ph4vW+vrpiAZmcj9thOmnpOWl5mbRYznPSYmHNSau4Ay954SxcKotFN1JozElgycFzElj+F0jg2NHRrgzs4GqGf0Z7fCPHg/IKW8RiB7EacPi29tad1P3dBI8DRJEQZUqYRZA1ijOmCWFgV5K8P2QBjSCFwdmzbc+wdBZVcdWJU3lL2EB7KkXK95kFykKSurvJ+JJJR1+QUinehhSlRUzmZBrVclebWMid4TSepXKRvmAoX15Yl8mj4+3J3l6fIaza3ScLS2wpu4IYNGOQCTRaQP+XEu8PDp1tXrjUDi0akDEyYTRTXyoQt03VhY1sSvgGCWokmHQn+6bTH8zCobtLW8UMIUUDrvenTJuTfZ5RGx8yeiYtpdCIZvdNQHcjRFx7zMezCFTxTzrOSy2FbOzcDiElLaoQq3u1Di/ubU1GjnxsCvTLfm/zCZFYCHgEcWQbCeE9WkNYbEVMZkIWPTU+g+ehG1DYB4arSaAA6a1HY9n8kJDra5KnrA/iaA0tWBenhHFcHJtQjcaRGO7sNMeji22EftgfGWy/YjW/urd3MJPRmb3J0vXm6VJw9swrxXE0qw7gkvGja9MhOG/VWruKANBFCPSlKAqNHTb56gAH1bVvRzugnLe1CXGWlqkE0VsUycro+wIR9LfRlrU0Y3CTg/3qAN9W+WaGyL+TNWQlTeFdGo9Btg+GRPHdWi0kxdBQf68mipon5SVrer670FG/v+qkw/up33Sdogj/G4wmIhBhVwf/O8yQAVTuDwlH4oDuBvdX39mN9r4BN2sjNK+DUVP4lIS+8XRVUF81kTgdYqnwciDgFGQmeYi9X8/NYIbXmuIiKG9hJoXNFAMHORuKmQtvxr7iZB0zlRrL2AFUFoej3h8fsGFeDKMRizZinavCMF6dTAfO97kMQjE+2JLo5xZblnTuBriQ8TavvR9Be+fqAipEh2dShkkZo8nbMX0InkPsnKwwUQHoR4RyMXTe8g6+9xmr17GpRET434d2/Bt9fHcisiL/Vj9d6zHHRDZHdxoojob4tNOLYhA6k9CNBTQBcJTXCxjn/ck4Grv1tXgw3hnJdbXcOuZJLg3jblJlJLNs2S4n7et9jg6JVdxOoJaq3j/YGg3jXYhJx8JuZ9KJ+nu1jD3pxDvaiV/lWCR2P1HrcCbDzmyVkGruhPfBKdbHIYuJwy+fY2HeCl2e7uat/yLKbBz9UZibkaSJJW0fOCnvxEz0/xrhBN0yJwTjPLAd+FO20gM5ThSyo0KRJD0qLMT706g/AGMx3p3ch6w55KxGSHAgthv0JUtjkx0LL3rZdOIKx2xjV1q54DLHL7rMiY4cP8weXB3vyEHQsLqp9ODA7gj066Ggs4lUVKLD4Xby4iK5s5HYmnkVostEO0381zMwrnEkek+ZTUEatpMTB9uOa1wun+2Z87Q+0gk+khQ4FqPzbutkLEitOmAqhztDvAGUnlaW5mdYw03EjxPZcm5FRwiopfT6XnFzl1zzacmnNZ6Ukss+n7smxpFgFlwxRS46QIK/YF9Hklt0DKziiZ9jGxC/jKXAbgw39JKOWm7IuTmzF9hyiejeWOlLCNgxpC2Jm1YrveQF4KXoJXQUX0kU1PO2UrCh8gVEmYHKoiaii40+J2EjQ4Olio3SJmF7c8OhuMds2yeMOjxr7go8SXtcpxgE311omjcEhYDjtUQwoMx0itUCI3lQCoIK2+vm7oP4cguyvdZtvc3bAXi2Zch5HMuAgT8WH+zscPWFxRiKM2dYY1Fu4/TPxBGZEZBUfnx4TuyMObwx/xSrFbNuvsIqotQ8mIkDK4afekwc04GjKE4L5UUw1iZEOELz1gu7dT4GvITDU9qKJ6ODWeTcPozcdn5UX9bqmGN5c911qbzqWq8RBO4SslQ7W7o7JKNr5lgjz38SU3AHmyRnTuVhw9NV748P9kLsBRMRK1x/ZyOIVMQWGsoywOs9d4BVnLrSouGLeVzaF2M5HasnqeUcJbfQj1lqrrQS21qh4UDHM6oOcmKd/QQ1MidlWNWWBH0mO73fwjKCcB+2iGkzb+yXFFZuzsvHwZJd2DjMoWQ7IgK5dLMqLU/uSLihazfPCMRzr9X9YG3Nvp0rcA/RbEuu6B5LLWAH2XMMvdxOafuydj5xINz2mGyugsBMM1bRHLiPBeKaxMxoYj0oezLZtspdPGN4WS4IHIDRfJlhhnBXUOmd3QhY0RvVWqXXXOvZaq4Ee8kPBhghq/1uVyMNvdJ0O+WCEx1CLI3PIUWiWewAuaI3HOOjt42hp+jbTafGOZG2B9MhHOrBMN4f9S+axbAi3rkpGt2H/9bogACM623fFJAkzfDciXjQ4LwdaMvUtaNRn6Pwrm1Q2DdA22AvspE3mripJot7VcFZsr5SoX4wmg2l92i6NoxGg007FUzQNgsK2aMMOn8j75UnDFBOLfW+hOWUWkr0wz1QEoNN4jmr7FsjTK6Q2OFiaqEXpE1v7jHBYtpBMB7sy3ERMUQuKxspbOC77ieTv8U1u+XkJZ7y08ZksBWjlrRiNDl0u6JpBorFFcmH5KQeP7paqdTMYy9sp9FlrsMSkH0flDy5sk3rQ8sc3cQAhcrLvPwqTLFRA0wYWoxYgtpq86y1QCyokhMNW3Pb/iAma2WXoZduXua6HFUlp0vjsdtXsXgEJGYXLfaNbrEKbbtYNTed5mWGl75I9Lnm6yXgghTSqmK9dFdaxb55V1a1aEmmtUtlLmuDdo+btmpXFstyag6OiYFAjPY5wYopccm9Tkf5KT++Rq63VqpXzSu9E6boboJPmsLZpPNTLNQg4+WKWtBBk3ryJo4VDORKJo2dOgNcZQGtUsU9sLzaAtx7tWtsyXDlNr9rm9LY3CdfV27WW6i3gV9vWElGc8Ololeenon0X8XsZ7Woxai/FUnwSO9bTDl2vJpQQIZUj/oS7pZIkOh4KAZdFexKUukK0m5NeclK8i9LgQCOMftarh2EHHlvNnE5P4GaTl7rqcJsEvb3bJHd2BiwplFesS0zggQo8QI7YwJeG17AerClWZqhCR+YLQZfe8kdEOqTw8i5qpPR4IwxWUQzsOdrqa32crgbQ6LK04tVIvw0ic2FhlCvmpHYcvnIAQEPNBqJRA2jJop3Hhs4ts3obyfrakSds7gSOTvfNeG8wtnh4FzEVsL6xdh5xIFMW7oMBkMidzKAwmyIKZ319/ar8eRJd3DvCml8jymIQplBCXI0KEmo3N/Gk08KBalIlnCxEshPFZk3dXaj2glWm6W2LHVtHr3J0vEqwWZP3nI3zS8G/RAsgRfYCM9bIn6p1tqQu2t5dyargZw2PzBxPyxzgQCH3UB7AaoQ5ceEJS9Bzc9pkpIXYmdQoRBNYtfKGq122SNJtSwDlpo1THPYTkKxKai3ofkiju7+ABF0x8MLnUR0CMPjvMVhdl9aIzg/FWGhgdSJHY7ZrLyXmvOxzICkNvL/hP3dfhypBeWZjAXesY+fkDyhGik/V7QIT5yJDI6h4KQW9KSxVYGipBb05GHcsmddUWNWwBv0PJ/v8EaZmprxvt5Tz84Dne6qX/P0z7rd+feNS1KSCIvENd6i1f+yPg/b16K6xWUtB9EwDic7M7cth1IFG2/UXHZMxlaUjrXfALY2HI0SnJ+nbH3iBPKLQJqH9nArqWxQSd1XLAcdpAH/3IibYmVusL+feGPkf1Ujk8u4Ys/1WOi5qsyve47HbbhMK4FNnKLNlNSP+0c8tnd6k2dyog0PWL0o1DQyds/4IEL/b9hKD+uTyXg05B5pdDHp9+P4V7sELrFBTgrI815uChw4JwxT8eqkIpWDAf9yAnZng7TidWmFCQlkFb+SVMjxIAO/PgHn+OGkYtmg/nd0bIADgIJCgEu9306DgVnEpObPcjXCsMA+kINZpgT65zmocCSwD+bOka0+Bi1WL9X6D/RlOVxNUeHyXShNyAq2IVGl1T/AdlJs2T2LSATuZ1Mib2xevv5CogHGwc1U4KNaPQtqBjq/rv4VubRBPlD1ffmKTGe+34JTo5/TwI9p9TIXYZtX3xfrgyQaBfV8J6/hTpItpHs/1Z9OAl6ISQzER9yWU7Or/IxZ1D/qOyQz938tByjLmq3+KGIs38pI/yYhFqUO9Qo826vV8nyjr2VURNKVaCdWz/H1C3DAc2DkG6uvefpHPTdqkcIbtPrerGhticwPO7YTpsCxX/pfc7uFaUliYu0o5vgYjGVi5BjwgiSERsTGNjQD/PF51jBmXCuJgxGrZ/v6hYR5iIeWptHqwZYj9BtpYC2U6Jz6uNZf0XMgAnaf0PqrxrYnLsMkKdgh7CcNarK9q6L6A28v29Le6qmvm8vkkCHghFyb5G3jKrtA/9y0v78rGwG+0LK67gjIIp5Oocmb1mV1/VGYRT0zYy2WRgw+9/OvR6uHXAZsG3TSmk1WjtxSqceoh14CtMhdgZfZ1dR16mFJ3lZtSjF3LXaDevg8xKKdxZ9JbgLH6tFZyVZ/t0iowX7Hxfw3J3lb9T2GnCjJy7V6TFKwdfc6Teo4qHqFVv/OSJ64w7A/Jny0tzcZ1yQmheMpsZd/M1eLR3VhdtDn8JthPJtVmKJUhizdSMbBCstj/UAey26uIq88ynPyKFglebIA+Afz4BBXhCV4TzSdUPXcfFXjwL5Gti+hp+qHLlPpdEDNiLpfWst1mXGD1KH64Xx1WV4qX1DPz8PSfe9Z6kc0mzxmLCE+Vr9kMVM78T4w+ozHXtvepN7liWNEucUxH3kaQlr9RQKuIR/Kf8kx+EKNqZeY1N+zfRruWHPOL/vkPMj4MW/31D96MktdtuyaiX4lfCyqP9VSwwY5Gm6zCR+pfaE/m5wj5DFojpudNRxe5Ijh0vrPdFLBneNczQd0emeu3u2rv9diSoTae3314UyxBBRj3vVzDWurw8Ew6/ZnDKxjL/8F9FTO2riEG/1Bu1PrUIcoXuNFRy+Xf9iP7RWPe6izgWYg6+fn3v0suKzV/qdwZXDe2LRFm7Pgb8+eDC25rK14Ki3Tq4DltGArvyPGPhFyWJHUgr6T4Gj6nuh4WrCVTx/AHgYRPRmrZX0iV7QIpT3OA/B2haQWVJFsNW7aQCp1V80BLNKawIwZfYunfi/nLzTtWBjW1ZcAbdN1bA4HwzSydU2+bFE2YuPNuKc8y+qmfNmiNCzImEH1EHVzrmgR7rQQVpF6mHpQWrCVbVs2v/V9hHpwVrLV4Q4uTub5PDIr2vp7bAMLEoxH5QEW57si42PF6pNaf4vL25peJpiyC+XeegRkEXek3/VoshfJPeLXtb4tD7A452zPCVCwbp8HWbxdeQfBOkctJ/u1aAezmkkdEf+EziO0RdBHMF6SYaxOZrPJ3mWo/ORRnMsRemmGlNUMZUvdR9lZyujcTx3F6UzwJajNUH7aBEFwulm9MZsEo0b8ZqX9jBwdSltHAvrP8bYm4tUwvg3joQD7BQez3KbgVzmwDDEF/qIDmjGl0Fc7KJPLeQFFlyXzWgekK6u0DPuXHcx2lYJf58DSVQr8FQc0XaXQ1ztoaObXgrG/eaH8qrfLFmddiFQmM/Ug9cDLwa1qtGL5ragYGbWq2ANcwVY+05RlXOwQ8HA+X7YoIwNq9Qey14Cyly9bFDoEVGYmMD1mkao1dcEATx/Y395uqIumbGsr6oPaFDdSth1BOvgLW4UxN95PVvEhW0EoBn/wtPpLW7QuDOUP23KL7RA/IRw+S1qdVv80Bzb9VwkexbD0GVuVZ9xWVdS/c1W7w9HANV2fTuS3YZ+1NY4tM4VA//0c1CoB4M9ZsCFj6IfRaAfhfN7Ckw2fJqqmfozDGsA27uw0ju6Rqb/ApP+4BZsfAzfUH9qS49nNFD2929sbjhl0pN5TUH8km3xSeM9cC8MFOsLRZqZa6q+5mA/H6PZ6f4+11J/KAvuohwK5a2Q5bhsv/0dlQdob3VDuNtKKF2YVq/RzLrNzmL4f0xkp40t8SqufzcE6tOJ6+uU5UCW7qf45TbSS8Rmsu/AsM6wW3kI0PYxCc40D07/FKYSQpPFdDH6baEoGkt80r6jfznglKCjX0p/V6q2axZLc6naoUh31u7muJDY1OZBZfnses96nwH/GJv2eppDU5EbwDgkScQ9kyuyyTO2oL3eV78x1EJrnvCFKNiuZJ8BiZP48Y7WakY7Vm339qazKTAUSMpFJ9Q5f/Xdtr3aMK/5CT7/flSX0iTdk739e5Om/TWQjwQVoqJd66ksZLODAD+S/ZJAaIzVxAfUKj/vSFG5as/WyD//XDEp7C/vnDFZG65gsw2qsftrT/zOrE5csvSB5uaf+V66KYapXeuq/ev00ih3jvOn/7O2hHriN4iDGmFr9bJ9YwJFPPx1X/1kbaBd9ccZiWf035sUcWy7zru3Nmn32fqs3WZxwoF7sqQ95YxbBkdd2b9LqizA/iLgu3T5fY5M7wL9Ur/DVD3ojfFoU93AY3WdwP+AjBsOcc1XxgDXDdy54GYHJ0NLd6Oe4Xh5EkxYqtMVSw+cnlhhL2NSQe7+v/m3Slm5iYoqy5L5cUF/y7jMBbHnsx6EfIUbqfZ76iRy4bL8kssj9mAVWrATCg63ZNEo+NPJeT/2kqy/3tzk1lSAYM0vqjR4KY2uq4/2DWXqz+mJf/byrkG2ee0QW4isdZGNyiBUzavUeQo1Yo7MGHmL7z4vcGfUvISJZIIjBscGFv0UzzUH5rCNXj2b9gYjiJb56noMFhyJD9SJf/7CDtPAs2F0u1qPxgTX4L/f1j7hKw7xoT4M5NBr0Ml/9hG+UoD25LzHZMTFG9WbPgDF2B3vjuZrfsjU0sCqHo+jhTBugRT8r25gB/zbBSrfAsWdy/mDid4bmJYTM0n+5pL7FkuO0tc+ZMUH6skfAyr3M+4Bm/LEghvsRtn3amIhmragf8s0DNcz2+7X6H55B6QjEUPmgVv8zByPsxZ6qnmcpdaK9fSJiEoN0VyU/4g+GEgXZgxskXB2wF/wHbjnkANieTGYUP+eKiWho9XnusU2rmqmRNwaG53/21BeSKkfQ7H9f8dR/SuC2Sat/EGNzv+qpL6IuLRZXZSjLQvTga1ZUHPKD8cHeGsYD5VSv9NX/sPaZChlqUvEqX/0AATQ2RvT+mMlYj+ZpffPdljFrHqons5KtXpXVZze6II2OnboEaJHLkQkeM6dmMTftW5UrL4Va9CDGoFaxfVPz9BdbdcM8xKLV9oaMpzYkAeVGEley1fUZGtxBZ86zOYDwgHzZojS3WI1zXzp6pHrEUZhFvYtVhsLlnUuczm+6FGrR7ybkMOAqwHwaiP7U49Rjj4As4jOsEEJCHcBiNgv9rfMgi4feERMzkxCLV/MU9bh5iEXbGhkFkUB3rL6q9bflyhZj2z7qFh0gJq8enxVt/WAHNUPz4/MEncwcMlXxJUCLjFk0fU/WmAOt2IjSokU4tGNZRepWL5L2YN8nwUwW5de0foFGckY3RQuoe5GOjVeTfVHhHvUL7ClyUgr3WFq7iIZJfZXDI4QSE7/YUq/VtseOCCcON9clA8Ffd4hMFPO0TYg3NFvAd7NbbWcwuIfIb3IdysWt8Vmn0ThZXCvsi5ZKatmf56m36b578vJ8T/1hsmva4LCAa2YGNt2eWVTv1mPaEp+jaNb9l7T6IxP6HR155/c5rd6TVIjzIsYvQYDLP07qMulWRYqMRBA+r9V7L8UoZa/pvqjVnxgElMMYtHvVXxlZ9PFzptw3iRzdJZqcx0pjfFqZANmhP27d9zI06RK5yXycVn+XEZAbK6FwPwQ+oc9HFwncnTuHZN/lE0U4nOCNBrJVtXanRHaR9z9q4VQ2V4I6u6vRzmSK10pcUAZ4r/4P7majhlMRqxd4+j/qGdMtcT6RvHqNr/4TEwKju03uPVinMIofM8EuEvQkDyM/hE8Sz7JjxPOJiW1FA0PgfT6OIiHM3XqEATag1xTwe1AK5llmGfacJrED/ZQXD9kjOO0l9wet/jgayXBf4fW3GYmJm2106jVZHu8tqDd4EshrY3HU+wrq13NINfcS4o3eoaAAMd2/raDelELKWJ2DPUYmrvg+F2DqN9M6OeGuXgxxCKj5sEcEM6kRGJWxentBvzUPZVN8r1a/k4LaEQEGdNko4+sKxEaTGmHF3HLF6h0F9bspvMMsjxuYChj/RAoNtyf7YL6roP+BrYYt+SIqcoEzlvqMZ945hOYCiUWvnsvdtHsa+WZP/Zi/hY4xLZsJJZgcCJP/3TtSA/glRXZE7pVYn9ZmBBfYWAZSywT8gD/FbCToZ1D3FW6PxCZPdnZCZvAgFkl9uqD+vQcLtEuWmgF76o8dOHGwBPw5D3dwb8jOLIiWinp/Qf0JfOQuqun+fR4axIaOM/omT/0pcuB0iBe2gzOhPlRQf8WVv+gp2mRUmvG8S6uPeNtig9o2zJ0Zw48U1MdQQgO1TsKK+ltvMNkm4k5gPU/7wwX1d9DmfohJyD//iFE+/Snr7ZQge2h9Hq7xrHA+bVSzNJtNh1tEmWL1iYL6JzMKM59mKJ8pqP+Iu72HF5Z+zOP7cWQSkPt4x7O1+m9IBH3ijiymJ+ZRcQXhD6Kd/sFoNlfByO/FVZ3mYfzf7IVchuNM4xuFwjUTZn/TICLADImcf9LfcrY5Vl8pqJf67cvS8bzZcIZ0VhT2AZueXot6mxDOjhee32eH3acIbb3H6Pu1iXwOR3mcikyPfl2gIkEIqGV5BKz4X6vUDeVpiO401+U9icB7CdCr24+c+d2GyxUcmhR7KbRovsK91myfte9fFkx5tVQ+4wCLBmBeEy7hTuO8m/OAPU54C2gA0aMh3hVBSa1jY4YzQP5nvQh1LcVGToysACzMNbHQ4jBu2ma2vGD7rbh9b+6s5KEJmDPO/fKWg73B7BZkvdxzSllI2Y9M3u9pPV8ZUHMRUueNWmaPO5O1XHGLMaPxQWgcqQ2ogog/xv7YtxPwc5jDEcuaWiyL8SFP+ZtzEPXwejWUB0LIWx19zaflo8frbflIePaozsuA1UbFPo/zk3eByeO8gn1al7UqWoB7ipc825fvb+eg9s3b4jwwee+2NA9OH8Ytb1bD6mpNlMu+OayUOvJGaiV5pHg8fTJ4Iv3Qs3RlmOgdHfPJeRzT+yVIpzIky8flaV1xCdrlyV252mxXAEiHqQivckDXMoVf7eCmxxR6jYPaDlLwteYbfY1OTz7UFLQ71UD6u86Kstzsylvc3CxdX69mr0JvkKefSeFGqUkFeZNUpaUHmMeR6RvOB5pi8lbyZlMybHSqzYZ0/6DskeWDTa177/mQ2tEXnQ+TR25ZR49IdFd2+9QVyFbJR3KrJI8SUM9SSRcDUJYvm266XgQb0L3KK5Oz2zkNc7Q/Bu25uoAKIcqqnuHF7al3F4SeW8odoUqkgJ2LuEB+481IfgKS94sXgCTkhwO4yp48X0JafD7Qc2Q/dQlZhxOAkJGMAWImvZLxAVquA9BypD4DqUvqAyozMvuuQjizqNVZtGf8HeW5R4ZqtWY/YO+I5R2OrLPPp53l6gMqs84ESEgh6SnBY18Y942LZh/hfhYMjtfY8AYzZubVnxHw5cDNFv9FTxUOCZ6Ywpc8Vdw7iNnYpfRlTy1Y0p0U3dMzydei8TmuKLCxFmEzoeDh5s9wXNkIstp6SpINY4JLUxHmYpiadaBWj0H1KvkISBo0EanZJ5gd+yk+7fDyERSd/LxjTv4O0RJ0IRUhBxF1t1n5qHDuVU872lFecYyM7GYA+/gv8Mo6eNZkb2sYreGMiNvQsOL1t/PNG2nDryPS/G8LiuXL46lCZqxV3lhr+Q1Tu1phP+mF5k8m9GAD5quNjaBdxbpUazVrU2yFP9dD9jxJeYVkCG4xPtc3u+CmKbAl+qPoXH/7otvdO1H2wqUwR7Miwlm2Qh7b4ROIQtb9kaUF4aMvGwv7Zo5c86q0Lc5kUp/nq4W8gBb3p/JqjgOXoRWr5/tqKc/l8hwvFuz5EsmxeWzXDNZt4eXa/tzHllD2ucYdYUB+IWc+52XETqKT36chYraDRjnoyY/GAMy3bh1hFH1mucoxxRRXtB66k6H8+NJBX+Brr5oDzxOBxkx4eqGv5MiM3L4BckcwlSevkFkWxttQ8ItPKd+VF361ddcCOWfjaNgPtrovvyrz4z1SLcPuBRVUyf6Owyt12AQ3ggpaBYp8xzbs2b+kItV4NF22SOmpm4e7R+MmoLzq/HKw3Td8WbLdRrnUCcjad9aygVHwbLPMYM39usfmNwkjoEYG5OLWDat3/llTkukgOpeGuK1oFktl2VjpRIWB+GYdM63Z/FbY+p04fAPshUENx8TUOi+dXBFWRVLO+813xgUnx7TJVEIO6LmHl20ysD5DI/FsybohGsl0UE1Z9ZZDDydiPRC3p4Gb6L7drtrVcvo3T9wU5vuUAbL+9h3ISSLf3xAM08FLWYjDbcNPwXLGTZSvi7FhOxo0DYxalmDHPlBi/SzuomcAlzBxbJTcaU/22C6ZTi2rD+9h7q5HXdG5uxWE5XbVfG1PlVsy4dp9hM4rh2Je/dOlzVKKU5CwCGnxdGjmZ8F4zXcKaLF1d2fDAJfWxTwvhwZ8LDxbNY7xypmmPPAnd7zdDQVyYrVkPqd4kmOXfNzZyO1UVU4fBBmDXGQcY2pf7ieVFTQuqWQ3IzHWuEToTj46fb9vfZnofQdETtacyor3ZHprhJiEMAZ3RBathdrWAZEKe0X3WszukL0Kb0mkn7znlN9fRI0D4lFTSoXVrIEqGA/WKke3kRV0esxgK+vV7FcPfcvD2J50vGMjsobMr2FUYjksYn2L6thlWGBDluBMGnvgQM8A3+Cr5cE86I3o1TxIJIqReZOvCoPJfWM2WxzCtLMiOhgji2i8fTGDLoh4EPN01rQh3aJalJf809jw39ypUY/OLVWyHUkq7MD0PAPCk5ZaM1ZVNMqAOJQTVyIenQowgXjGB7uz2zTGyd8ISlSTK4SXk4ZKvryuaubjiLptvjGKhzGP5tlqZavxVPLVTlpY97r9YDooKrgrzWc/JxfMJMrrFYeyb2pmi8ZvQY1sBdE9X8//gjFmYnFs5WNZeyA7A4qAiynlwFDxFodZDx3AqqPYt1LQ3LU/aptW5G79fbaqThbdxYW8JLhbJOiOBkgD8fJwwmi3sCfRlA3uDwBRXkx523SHj45xVVltDPzdbOxjjI9doaNhP1Zv4RhfnowJU0G3PyoZxmQj7rscciEQ4RDEecg+BlAyKMq7OeOsAXVWKxLOYB1Q1SZOcwrJD5wLeTZ8g3OXKmQ4MiA7xtzAQ3Ote+Tdg/yoWy7+qTdk2vKT6ARiX3EsSZRndNlrgeVLrxeOZR3iLsRzj0ZWLL9rXL5LvVrWx1lS075FcItwS52YGbEnk2BEcnIetikWT72+oE6ZOXTCfLenroCc675N7zMbYks45iIQqznuTkfVcSO6j7MYoKvmSau3+urqeZBZ8MzeNaaz8PxwvzMRESPfa1PQ6sXSnjlqLKvrEKGd85hm+vq0mOnI23x9wxFWrRRyvN54BKGaaP9hlDqCEu+/aZ7bEExzhn7APDw9ST9wHg7+GePr3ZwqZwiGBC9b5oEIkSy3xx+JX+4nvOIIuQVYicw7H1U8E9yd/JKOPeNMAzcnczPEMum7Vpt39fAcyXut8HYSn022g+9BSIRSAa4cVZbU+eiibP2xKmqWh4G6vt6JIdqAafuG2fMOzG8IzW8ZGKxXR0rwaI0pXeX/dEuzdXev0hWzl3iGFlnMkjTWe7YcDbpocnUAXS8FrV5Mgf4O4e8zRoiF2Hb0Hp/ja4JqEavI8pRYHQdNCFj4YsDWa6+CvBNuDPF0u2tyaQjZnyWPpW1F4T552IDOFXdtSByzFgmhDhKhfjHFr8rDa/fCemmHdYtW5mHi0B2yWuTu8Ri3xueGqKtseZRXEHxu4o+bHjatUTcCOIHGuGcxnn9gRgVUzt9oUejisgLijAJiNnZAfo15w1ak73S8pQMzNp0MWpydhDXi+HlWCpcdX/Ey41uYxzzr5HZUQIkUlzZhR+4UcaO2++PDfizXdpF7AMtutM+17cixzSL0TLkSyYI1QW7baN1qYaEufz6IHXTbBqsfq7StN0Rrk+2+Gc+W8nLgkP2U1W6/Xzc4StFS2jCPldoYVpovcrznDuQ8QQhwiBnsm/UL1fCIbTFPqaDi7phT0+t1mHiWFq75IQtKriLMr5DIuX717mTGLcfMFb2Yc6HLJzYgbWxnszixJYf1jQgwz9YAVRNTNxm7uoJrtorh3+eYO6sO5FdKxbTPMLNoJdPQ9m5+d4yPvYa/iS52Jvt7E7y+bS4ORCPhB1uXs4bAULh5mKGE6k3dJWUCF4uK281R7TJMSOX/DSOQshblCDNCF3zYmYeDDxizX9hkqUxC8cDK3Dmes+x7RYvesM3pbhi3mBVYEe1NC6EoOBAf/ZKIiexzxMR0oW/GIg+zjXsRyzpGx4qB2IJBNGglc2e7MxpmO9pHblDiqig1BMTYWg46CIVTGmzhqjlxVKSZUxsCvMQsOulWmHqy2PLstkq1A+JU5sJLI1pzopARbREis1LApk9wf0xnn8ZXH0f3pQXvEuWqiHL55BI1BIISDuMNi1kdN6L7jgwBbRykzH1G4kpJ7GQmEyTPCoTqYjUDJ1PE9MRSMr3oo90m7IVzdOAuTujkwAXzY2z1RfYfsd5lYyawyvG8NXH2x60u8wOeBjPmyuYQFyYtEF2c5GmNPgzwa79heymHSZu2GeIWxhqoYDWn5clY3HoUrrrj2qCgDKMcjUaEx6sCWUghHP8NZHF+TltmqMqXD+Nzi2EOparEhYvNEmmp16vcXEjBm2/K2jIPjZDMvqGCwNDUyTnmVH5YwY6bKDnGPJTJIegtv0xlKceGsUTi5sf1idJZ6uqzKNWl4BAy3Np/ieNrnnwBtccKp/T9rXk9TJZClSOzfKbUiw1+arX9ZGj2Z+lM16VdC0eXYTRMOXJEHROx+mfOdHNMms2EcHu2WXE9m1BbE1lakqyDBRql8orVl329SB1BNvvpG6KMKAImDIGzf7I1dmzZ25SjWxaLk8OTnEWiQZlYEBpAkxKCGXGESBRbtjrAsylbuHsJCAfeRoQLuxX1Z8w8ZiKQmKQJL6pVbtjSku7ihsCb8O09PIZBhobUF1kgSd9CznnAhNklDvUMLIF4C/aAVBQXwLgKH2TR7zGcSH3IV9maUffqpckWHR0iDmzp8iDCPYkaluYxTAZWxOzcsfqwr1fsTCS7Nbdnvnx02G0xTasLsfqor0/Q1RRuV9RJM7UJzoa1FyyYU3PwVmKjqzKTOQvDscmhJOQrMgFY3iv3KWW6Fauv+Pqq7dxkfpXj0uHctH3NV9dgHc5OiQMiu2vlc+JrHFpClAJd0+q6nOVKLGCsPufr62fogZvYz/vqBimGqRS/4Ksb00kpmZ0pZKJu2plsH8TNcQdk15azz246/88ucOJJhhdmG2bJUK0Ixx/39c2Hw8vsmp/09YO2R0OmBzGtqAebrqAiT0KqAwT3kMtRli06R/0Tvn5of15rv+6rh0WX3Tg/5euHp7ODzKSnYBTJocHyhfmBBTvruj+ejC+KxnUTkN13K7DmY8k4JMaWLl5KiJoRUezv7955EE0v5oLkc2eiRofIFbe8XOibP0CoW7Xuuoll4UbOUcBSxXgV4uM36JU+OSHuYxQxUVsJ9ecVlC+1lvs41RJPb41YFCac4iwZi87KB3+W0TPlnv1+XdeeB2TG3dXfEg6LvUbDPM6At6M9u5/YGzwkyukFuCn6M3Iin0VVoKNVcauKeMxy+7dIHJA10mYRIu9BCLQDNgPb2zeNF2NAXfmyJgenenZ9iPXLWKCBrAaQ6FwakMNcfGPKuBPhbLLPcQgSRMasNzFtTPY4e9nxe3MmaRiXZdkQmZUWqQvlZDKPO86ovITAU9lo8ep00h9swxQXs3PY2/NyfyEtZvA6VS9i+vaTftRLC+wDib628mB7V6teXFALdQgjC+ypYKE3Ot+Vhy0xGfM+xmmFfA7BqHVSfk5BF4dCuw9Dl10Gzy2ohxgNUs/XekFyq/0Yw2a3yAfJtWN/5Ezson3rqApqKZbwb4gfbGuWk3JHWH2aOpaUyzgodGbAT1cr5u0gbBfVcZN1GkuwyhTX0vP/Sdtxq39xhKgBnIrnFo3cpz+/oK/IDT5dEi8oqCt3oLRpT9YM4ypDvYqiscrYAi82D2axiGK8PWJ7IJYm+y66cLVBbCF2Y5auQVOI/2F8R2zXo+54IKZt+7x6WUFfZ0DtKAe6fivRC+5nCvqGabRt7WwYfe9BhMa5e4FFdaPpZ3WKGu5yVCDSsQbDdug3mbqAUBdXGiK3N3vqAftyyLk43i4xjxgj0B6YfoaDy+HInAPle9034zvPLsqD2aq9y63BEiN48PZouL8lv5VLd4J2dI5/cVEK+qFwhySdBYnt9L+8oB6GT9eO9rH/CKls5xJiDw8ug26PZm4yjtijozXpYwNPNM7CUuycRltYrF5R0AX5Km9JfqaQ65oj+DkGzlQln6SDZGW4s1PePZAo1kpGCkuhtfVRF5Q3sN8lbFDNosEhMW54VSgVbN5pdtGWqgySZYRKMvyFbaEel8wvqBFMZxc9ERBdLG4RnBVFQ1IbQxbedHv3Il3opf1LYcuXQ15nQDKTx/YvD1+R8SULw1sYM4RkhJC024EsZsbo5BCrVxa0L8VV6U/QCluSa5keGvMUivuXgy60kzfVRieV5/56ZKVHYjY4lfwZdp2iVmQ5esT6yG/Y+JGeJpWGzqsLeKt9u98LtgGq43KXH5Rks1RrtWZJtlQdduTvOJLzSrVqydxGmtteMvJpznYQuj9YX6ybu+qF/DuLRfsOS95XUFqS68XkacZytbEJRcE61mhWgt5aNahV5Kt5ppOVhL12ZMMWGZtL35jNlDvLTzHPz8IcP4t5fpaSDktje1eJGt/Pu4gV5e2gBq7EAatvLlS4YykYD9vCn6GK0YX9KZab5W5Bb2B/2XOvGdSbCmzO7gmzhbyL27odVnsoVtyC3lxQy9KxjN5CXs4txRglMYu3JB1bONc5K0HaH84aawQrrK6Wh43pTb77O+S2KH+EWP6arH1GZ69CzeuClnlw51eqolvkCsGd3VJNpqXYaHbkD7qbjywu1Jj8XmfDTMViWug12ynK0no7QF3bpoLycr6cRzxWMieaFTN1x+mF5ISd1OqacHOSVg37h6hPwa/52GKv1myeMY81rmgE7rPFV1bhot3tbAjmVZlEWBBRWkjF82sFJb+DceDS9NyBbNLccBR0ukDqyYyZOD6zb6+swckWETi4ewYeqzcWsveCa8l80prIKA43hyha6n68Jjokea8xN5/WMaWtHNE75nuI5hw9JmOw1FtpMxTr35yeMRwZH9XUGQp2nXhzT3DdOxe5nmj1SlTYj1PKpKbMipbRuxmG3E/pAQBD7LX0iJDmV+Lr8K6SpmFkfitB66FYcz22dhxvcu4lU4ovRDalH4arEblxLd6ZE1yGEFCLty5fbBInBuKHORwjwE0HMA/ulbpO/lRnyAVJIMMzT5PM9Q3jpUhgZf6drDwk6Wxk70H9dWM5CkJFHogJTtF8ydcUKS2EG6VWWrJ2xBWWUNqm+Tzqss31Eht1zH7ENC2vuHJisI5n71fd90qdnbIfLE0fwp4yRfe49YpaNf+U9cpL3rpeJW93zAuRHPDqDJi+grjGkGVpEYvCPsigry0jcvyfWf9Ci+vTHXmOqvyzgXzHW7Fg203mA4EOm4Lt2Qcx/dEm+zNnJ7cecDO1vFiRH/KoenL/X2p3qmUzOh0iBDok6zVKmyR+yX0SvbAhf2WtuHEr/y5s3Ma/ixu38+/ShvxlteWNO/j32IaEQ2S+VtLHB8fXmk2kQO4E1g8rF5I9KTinNgR6BdsWyZVzbxeuMu/Yru7Kv9ewNLqk19bkT01eVxHY9ZUO/95QkRHfuFZd7xoaN5Erl1puAA+oc/okfSCmk+Rm2VgeFNT598GiDEb2DwnrKBaZhwpXD2PGhc7D7+SfR1TWpPU3lVZXhc1HuldAj2pLz49uywC+2W1Xj5E/eE76LWXsIOljmTiSbw1L5q+gPu7MqvD5bRh8kseHRkC3yGBuFcBtMrjb3V/UfMKq+YOad6xWZGaeGLaMpX6SYeHJZ03ylFa13LED/vaw2W2br4I+tVqX8XwHASoZ4dNqpdVAxvWd1UbL/MH1p692Ox0jl5J9GkZuVfh3b0dYoJ1k8irkrQwDWU0ltgnya81ux9Jax26xd5iZ3KiDI2xVjc9g/wLB6Vqwbp/gnZFdS4ZSE11uT7C96hmJ3jWwgiS3l1otc3Fq+3zQaqmBSSBXFktZC5h/eBDhV5zhqDbWhEDgRrvmZnodlZUv5ls6G4TqbK4aBqW2+UO0p/PP505kev9g1n233kiV9uHEMQhdOEqPqFTllX/T8PDISvYd/UclEnustLTL+VvtTDzOyfXxkqJWwucteIvCxa1sqdLrE1D9/J9neGK7eZbkSSQJ4SeTF9qGq6d05Akjmad18LpWjZKV0nnV5Y2gfIarcPKefJ69HBjV9rFKoloFmO46TopJPtdmIYGJLRbxLqZqsJRMuO1zOcE4Fpbb3MJb6Ir5zK3kToataiPl6xRck1xJgjYbrbxK1Mr2enWnHQTSK/lrmO/VpoVfKyMgvU7kZ0HXC4OkN0hq+7zRcJII6ya6EHSyDxCypA+U1JG6WaSGQ0V2tVQLzEI+U2vKbNXqpfadXdOibt+DkkPP6mY8TYNdqZYscivN3WkVy7J33L45IHfFnC17SGaSHuqm5GEVlqCDfVNQb21gZKXHR68F5obhmzFkdoU/hnUUtM0fff6WaiOEDdvq25Jld5vos9k9KNwRJobt2zE2TI59pPhUTA5XWknxO2gp4v5OGR/p05PjS1s0DS3u3UIhTAq3UugkhdsodJPC7RQ2k8ITKBhVlcIdFO6SguHx7nQLuEc2Ezt135VtNd8t69ctbYrfI9MY9Jys7sUhWDdWpVc/8ptFTw/iQXkU9cfmq6Y6dbysBxjhq4gn80E8mXxVABwfJv0O8Y7A5dQsMbb6hEPikBjb0XiFX5bjRMv9QFF57k9oqOxPaFDQFcK64rXOI/vYw1JZrMdl/vIGJa982R9M4kpaC6nMD4E6TfvTH8raZAQiNQC8EuY1/dljdmwqzh2bYurds278vyMHp+HY5YuENg1iaTrtO0IrujjXg3h7xu+Uv8KSngBRP2afjE78Kq9qptS3NclDxcIltHApZ0LuYzi6h6bHj+JKzqHFTF1uVj/JrF5SH1DJ1Hr9BMgwHb2PQ2+jT/gq98PZBD3RhN18vXq7d2mLHAOfgoGAEJXxc13cNErKNJA7mM+BE4/7+/Eu9yjqsxxkghTDgaG4I6E3i5xVCwHqYpN+Pl9FP0ZWX0BWo779wXVGtyNV+RM9LneIixp0jI3UXYwIqZfG4v3w7tDa3wImvtMrtcQDKTYb5tUVs0ZpQbbssLQZkF8sSf1SaJW0xUkk4lTVR9Yy21AnIgKCko7Ma3xT1MHcNxuZWzb9gAq8AOMN6DmCVp4FYnsj+Y3FKaVn7kMmpsS1ny01kBzDl0MaDHyRoHL5foJ8ULNRHZnoMeZAAkkeSzwX/mzaANqW8k0AsirRIQkg3n+01HzafNXdUGCRFkdDYmDPKSrNlSUXR+q5Rbl0P8SEPK8IWQZHZIoVZu5/1AuK3B7YO7r+lH76F9QLi1x6GlCH2Kj5aqR6cVEtJp0YqD3CeX5ECIvgm0z5Xcp9dCs9Ty/r+3nsWTKsZQTNvRPTL9c0HONLZr46GxzesVBMYrXR26wG4pp4TXaC9iVg9zdYetZPska9kLzyzNmzglVB90sFz9ku3xgzMoUawkvZkkEpTy5GaSKskXp5DGZ0JkjPRtoH5l7H20e9mF+fdTCuysOKsxzNJ/KqqjA/aGZq5sb9NZbRIOXx65iJyWyX22n5Ia/QQmUihJQIUn0VJTOw0OgcoVNiS0OuRvMYCwJKERY3RAOyvnPzIsg6ThDNRUz8L0FcE/35lyCGRpcS9cpa2D8ndA+o+xGXQMuKmIKdsM6kJWLUTKtp2xHSoodJ446TnPJlWrID7/+hzlyeOHvWzNF/UZGYdn4ujozS/KmLMBlpYSbXEDZfTIIQ1UGTEKDNN5kD+WoIFiT7nSgFYoXsEbaYw3mPxp5JYEfCRptSL/2WRGq6OOMAzdYyFiuA3nFBhgT9PdbvsioMIvOBgE2z7yyr4uWp2GrWqCV1aIpMQ4rtQlXp7x73J9yqmBeLlLz7kveF/pALSi7M0PF4No1m2/IYsXh4SVdcyBT1Qkp9TTwT82P7KOmAsUvkDWfH2+nvDUcmmhULF7F6WVEXcjSBvLSoiwexCapJsGHbfqcENlwfhkLbEtfeZDSwEGjKi6m0YMcbSi95ZAOgWnCTvEW1LQ2MixnXYscAG1KgTSyVto7Af1F+qEbDBJBgq1cU2Z0FVb0qwTG7VOL7Ka23Me/muYq5O8lQoMKtuHxS2MhLxwxdULg5tW1j9Zqi9kU4phG2Kt7e5WZ5M5UxficjUC+n66nj7NVsEZEl/1r2iP8f6hcAAO1ZaXRVVZY+997kJQQSAoQZJAwi86AySe65AVG0BAyIioVWEUiAKCQhhFGIgQwPURGVkkkFQRFUEBmUEl6MgkJZihSmBZRShqIEJ6AURSnK/r59b96henXb9lq9+k9X1YK9+d45e++zz57O1bJs5ahan69fuCI2cb51ZNN8q7JD0rAew2b26zbs1qt6j7h5WJ/RI8bOHHN7/+GqnkpRVn3VVDVXLS3LKrIt6xHLqd4Vo1RMjKWUrWKs2AF5Y6ZMzM4tVCEr/j6lVA1ViwT/E5KsIrZqAjktLIX/0wbVUsXYsRmZ47JTu//crnpk/a21rWkK223Z3orbb8wtzC7IzZyQenPuhBmp12bmTs2crELqlwpbYMEYnIkCLdiTGJtRkDc2e3JOHmTmTJ6YlzojNXt6fnZBTnbumJzM1Kzs1Nwp2ZMLC/Imp2ZPzJ+QnZkFDnjO5Py8yTljcnZuzsWiCaljJmBHYXaX1H75Bdm5WTkzM+/OhqzMrMz8wszRORNysjKzUsfk5Rbm5O58LbOLql8Cu1JhQjsYWKzaD8ZPk7MLCjIL1bDscVMmZBYoA3WuhjpY/8vmJib8QntjwkqNKIPJsY41R6m4krVvN7XD6vwtzrjDbUIxOE1x3FyljsSqUAdllajKVaXDjw/GirWtHf54yYoOoQyuWHld2fNnQ1gxqKtTih8vWZERmqJChbj3ak38TUF00ZYn83B/9lxV/JnBrdDsyhXLEGR2iUq/3eB2qKhtqJ+yHOCV3xvcCc3e32qksmLsUpXa1uAxoaIir4eyYoGPmmzw2NDsG175Rlkh4EdeNngoNLuisB71lqr0KoPHBXrj7DKVXtfg8aGiDc1+rax44MWuwWuEimaldFFWDeDpYwyeEMgPAc8vNHjNAI8FvrLM4LUCOxOAH3nG4Imh+7Y8WZt2lqnKkwZPCuysaZer/HiD1w7N3nFjLWXVAr4v2eDJoaL4OfX99e1aGbxOsD4G+LwOBq8b+DMR+KhLzlsvVFQ4vo6ykoBPH2LwlFBRcC+Qn2Xw+oEcC/j0aQZvENx7CHhyqcEbBv6hnLUPGrxRICcO+PkVBm8c3Ett4Eu2GrxJqGh+v1Rf/qjdBm8ayI8Hfv59gzcL7pH+OXjM4M0D/yQD7/2FwS+LnjesCpXBWwR21gTeLMHgqYGcOOCDkgzeMrC/DvBmjQ3eKlSUlTzCl3+4tcFbB/JjgZd2NnibIH7qAh/ew+CXh2ZPr1hB/4dVVV+Dtw38bwOv1d/gVwRxRfkpgwzeLpDPc/3lFoO3D84VwzyVuuHjHQI7E5BfKy8zeMcgnpOAj1pj8E6BP2sAT71o8M7BfcUw/msbvEsgn/mY38PgXYN7TAbebaTBuwXymUcLyw3ePXreMrVxg8GvjJ63TJ15z+BXBeel3o2fGPzqQC/jp7dt8B7BesbPkgSD9wzsYXzekGrwXsF5Y4EfaWfw3oE9zLvi3gbvE8ixgXcbYvBroucqV+mjDd43kEO9RyYZPC3QyzyaPtPg7iV5lP6gwXWwvh7wg4sM7gV6macn1xo8PYhz+mdehcH7XeKfk28bvH9wLtaBJYcNfm1w7zWAnzxt8AGBPZRffN7g1wXyayNu85XBrw/OVQP48BoGHxjIYXNbmWjwGwKc+fhlHYPfGNjDvF7U1OC/Cs7LfMxqa/CbgnyknCWdDD4okJMCPL2nwQeHZiV33sRzhdUzfQw+JDhXfeSd3419PCNUtLJJHuOkBHlk8KGBPy3kV8atBh8W1AH20+SwwW8J7IkDnlFl8OHBuZhf4+sb/NZAPvvdnnSD3xb4rQHw80MNfnuo6N2nY/08Wltg8BFBHjUEPn6Jwe8IzZ76WCPaCTnrDP7rwE7m6ZJ9Bh8Z+KcW8BFHDX7nJX0QsqL4XcF69oWsBIP/JrCH8TmgucF/G5yX67+90uCjgvXM06pL7iUzWF8XeOlIg48O4oFySscbfEwgpxHwrHsNnhXIYT6mPGLw7MDPzIsXlxp8bIBz/YBVBh8X4DzX4ecNPj6QT3serDR4TmAP10/4wOB3B+vpz2anDH5P4E/Wk1lnDT4hyDv2nacsg0+M1o2wWlPT4LlBvDGPpjYweF7gN+bpd80Mnh+ci3L6tzT4pEBOY+B1Oxm8IOiz8cD39zT45OC8zMf+6QYv9POxhmWZET869Sv7vtHJvZ2Ue7VulGynLYq/zbmtTcvGM+ace2lZjIpdGVK1bEsl4BFWQ8WpeKX+6R+JVtJ9llK1pygM0lklqpjvjFcwnsaWquJhGLMfQcvcXKb2WWUquTPoMMz0WWhzU9ACF5WpjINoPQrlMr5cnWlcrjJaYRTrgbJ9Pf49EjQPpfpejIul5apycbkatR6/vw5+d7la+VG5UsfL1cbzeCuEwqpbAmj9sKpsEVbj24dV7+5hta1XWJ1x8W4YGFZ7bqaRPWDg86WqsmOpSh0CI5fCyBOYX5vDsOsxD2eDTkXfXo6Z+UXgB2D4KSiNgSEw8GRn9AK3XKXCwJO3l6viUeVqYSH62HzQR2HwWtDtWL8L697FgT7Bur9i3WkYZcGoWmE1oS7mlGZhNR2Grm1No/JgVDa8twcGdYdB82DgJ2j6Cga1hEEDweM11O0+NPaHMYRvKlOjdpapVBiWngBjmmNwvhJ/PHhjGLw0HoNiPgyZAUPmwvDF5Wrb8+VqfGW52rMHhsFzS77G8IZAeSI+rE7CqG0NYVAr8B3r4b5xy3jVWsWWNcdScy1VYqlSS5VZqtxSYUvNs9T9lnoWL6Z3LPVHy3nPUnuxwlaLbStkITLwyESI1MSFwGyV6r+T51vqOXkqz7OK5yb67+Um/Hdz6zLVQrW1IG/msaNHq//wJ4d/4flvqStUM5VkNZ6DfzdVl6tOqotdZuPim6yylfXh9FMuflA2mauvusqz65VUajLOrJSvhXlwQpy39u2OnvPR3obemuVtvHolqd7WPQ0858Pp7b1BvWp4pC3KvtAC/PHptzRXnLywTsuWhocWaMrAq1GL0KrBo7GiUqg9bNtlPlOvJF3n1S3xGVjkmwQKn/pQsb96Se6j2v561uvCOEXeOWFeLoiHHVDZMdzAuzz0hiYVo8g8fm1Njyt0QkNPtvx1XyuPMkhFqjDUw6MKQ4Vqo6Ws0sp3xA6bzLixIc9OtDvqKDP3dzu1XfNAaz1k9D7t9PzNNXplk9N685N5+vAP/9AOjau/Ic5r/fHvhdpkroz/ks55VZiFb24V6lz/ymY94IEv9d/XvSzUsTuGhUnv8Rsccr927k3pon+q2qZJB/W6X9tkYJpvG6hS6/HBZH6/lbrmgdXbnVYbC4S5o8/VOueRr9Ic/OXCy+7w48+6r35z0XWK705zn8l3NemZ58q1ACubvKS54m/739OyhUZQBrZo5+K6SXISaiF12nXfI8zMU3/1V+TVdTxuWft2TU9k3LMjxaNQUtFChmq5Altc2ULDKAMa05z6G3aL6dRC6p8q55GJrvNMfkSYfd9/oBFmrnOh6HOd3fdTd/dN32tepvPBYBtxN0STij4y48au0Vzx6jcRLVvi5vybpoyqwce0CN385Gn9xK6VQp1FjUqFQcvzV9DX3BIprOfLuLjuLOJhjSYVLWSolivEDm6hYZQhllIoTa8+i/oeAfbDLcfl7mwyu29CiJIZ1Ku995dnm9LvnvPHp6+DIM+b5M4X6ixbulSYp04/p5t2dT1n1XWv6D+16utZqlJv3dPTsxlNlOFcGf8ioqiT98Y7TzNwPCfjocU67dOuyOoHhCJvc4TJPJGhmcPOl0N7Ixlbe6TMH5vMr2rZns34vvqqb7QwsNk3GhRp+vi1D6QtWPy1tslIfvDOo0z0JzLqEOK025+fkbt1Fr45RZhV1/WEW3D7+OsXxOmCxRs0TuUeuRkx9uCEz1ym0comXfWz+Re106LsHgnLP7VaLtRhWSCT3uMTXCBWTPzsgr496SsxUeK04aEkiVNS0UKGd7ZgcRKqyhztkHn0q1kCbN0zVdvvvfuuG2U6hh/Xdrc/x3jCjMy6gAB/QDtkdp5bi01fa1Ydh/HUKfyhxh4N/2ln902v6rdSz+AGlwt1Dv9QJMwLZ4f5K2acaitbYm9L8mWguLkvF6zVpKWV87VN5veXlfm/vPfuIBSkZN1lU3ONCOiEYPnU/a7dnX4Y8mwMP7hXqPOHqRXCRAo/0Agt19l57iR8vcP9cuh5Xry26SMsd50bjv6op1W0cKdVfKp5m87vL3tLLq/6NlUkRlnVN+qghQiDVHK/vTg8DUkyCVfr4B9VaVjl2tTL+0bUbXOps/2dtTVi1HXuerg/4jHHveHoTKEOBAlzz44tFOoiL97SEOSSLsmtqwV4K7WbnvjZdjSZdO203LhJl38xVJ+/ZbVe3+zX2nn/+8fg0TGa1wlZ2qFXWK4ZfB/tnaadyePrILSLdf9RJ9z6G8LaQZK5aZ8+zC1ul01Palja221R9oImvevhN31gymMH9ZGbH3JPXjil6VCX187ruuth2wOgJfh63z9HqPOXZ/2wZPlf1CjGc9I+fR/VR3lP7DqiV1/3nbYzT+zT8xocYjBU0Bj9Y9HzmoXLaRzzOE55RlMYqbQdMhkPNcThEC6MAZ1wQKKDHUqAO/ps0Vd0jwf4gob+puh6qzS3yqHonXkNlqJtFWkqkNb1/NlHNS829rYFfsdiBXI67sah5mqHGhj88/sdkTrp8Ox0O+mxmSk+wN5U48XDGsHpyil5/Vv3vIKbQzyk93iKd7kdsSBUvYGSyC0oKX5fY+hJp4sy+MX/CRSFZ5KbABe28aQGkLlmyx73qdNXeFC/zmVHJ/28bXcf6BTuKSvWN7vG3/LqNy4qawKKAgrpE7tShWEUwTee8/UsD4fsiXnB05PHQwYZCuUK0fLGOy1FP2WQqnKMVoxA3q/Do5Ph3LFhoOWhrcd5vOB7U5I8/ujM9uqj+e3UpN+1e0LbZHAwZcNThpny2BK/t3LtwdVnNCMO9/ixFJbZ3lahDpeRQf3EBR/zA3zoQwf0muUDEDFv+G2JXYEUEfufjBHCiLs54kQZKraR/Jqh6dQZ0UdzoENG6z9M/Yd2vr24SE5afXR1AkV+f6uPfdlkmOf2sqWHEEYJWhiWMHSzQ4wS/Umbt9HN/qxRNTYjJ0+LdaTOuLFjhdl9Uy/NGcFhHLOQNzy0F7n5vrax1E20v9AOK13x3X9HxW2H8yP1OF/SnMwTC4VKxSLz0sCjmrfisBvQj6QzTq3RNhnY7BsNiiBj1Wd8OoxvMuzy/Udlp6FJ7HUxYaIirgB9wHVeGpjpvnB2v0vKjBSg9/39kJ6LXdYeyKhEESzB+RLx5yG2iL56TPIShE+pUJtVIMq0+XiGtpE+wrD1CcPaztHQgXnIx/40FNW7sQ8gN12OpbQK09RA3FkGkqNUqMPMJ8NpUlZ0uPN9ZP8hl1fBeLbfeOeoNA2HoYNCiSyJIGOr0hzWAzqg2iOq639IWKaPxFSUwS/+T6BK7URYvDSwn8c7QD8YKkyXTXd5kh4nL+RIehxcne+nx9CHpknIk0p6kIEYZcP9hmHcO2S4FtUIwEHtfN52qMdsuGWbFupknugmzJnn2nqSHjVebObxjHwcSHr8fV0dj+lBysuxyUCLsjnRg/qM6CNDfSzLoq9xzIeSfZ+3fVkogMeFYa0Wfayz1Df3d9cChD46iPpIRR8ZaDEeEyaahVFmUaNdl6QjepCk44LFuX46snbTs+irQh22bDJsTPyDplATE+RnyKzaeNZVapuPJCahg74l83zTrs09dnxn+42d5Jqq703hNYsqxzBf9/ZNFShqYWFQn1wUyAoUqpLX0PwrMOPseH1FkwqWsDSU3Qju6EQacjnC+MNsUYH0X4oZLrEC0SWU2uGJxApUV1SXsxGZBOCDCH2H0SZiM/ZQKdJs9iG0Mtf+vO1Z3zM/FiVg1gfDnoWWHaEpiOBTkQtFd3M2r0ATulnX7nxlBSs4GnOFw1GJ1lcfR1k/VU3Hy2zKDphdco2Io5XCcILATteuXqOWo2Whn6fhqpTNhhgpfEzb+AkXPEdjwvnKn4eZT8IMGb0QmbpU27APY8kyvxbKTxwBhDk2cxGioFjbLKsisOaBoBuw8IEqPFSLaYG2+cpmHZZIwS/KrrZHfYds4+uGqeq8vmKZMPQf3J3msClwAsMDGGFw2nVwI+glPWTq45woAKcorpBAY+BiKWasezGK/sSIXiZxRS2kmNOOC3N5yOLzTtO/HifteQ0a+5M2SoxM2qSihQyLIFdgLndlC7zjUgYdKEJpOrWQ+kXnzHPXV8ihxWfMiijDNgSftUZbKfeTirkiTHQXGWXdcPQ1cQJKzQFhmEccFeThyFvbeS7ekycdU4VvPFIxnAwGY7SbeHGAbIFrJRc56ItQ+otaSGXkIYOc8VegP/A2aJYWGbcndeYLHK+TzgChhQzVcoXYwS00jDLEUgql6dRCqs4iPT8YvEp8hQd3oTC8WfEm/mIH4hMA9fq/emHxirhC7oxb+KynDGzhK75QrplaSBFMu4ThPMh7kxfWPTu+hYxYb32zj7TNsYVPezSgY/q7docxWO7Vtx4/oR1+F6FT8KATii5dJgzHF/ESL+6/f4D/bf9gWSFe4hZ6iTLESxRK71ALqaglQzswBrtiGM7h0lKZUmg7Q0UOg3TB4/0I6zVzZ5c4lecnlVSDEPkHnoq5wmDuhAa4HCUI0TwHXXm1C1m+y/Hnn12++cmXuE0Mki3MG8oQl1MoPUwtpNFHLTulJONPVefFbWuWx2DiQbrelpToMX9JRQsZPnb4UKXHMMj9AAsnuiioDMM0h20JNmynFtJLPr48+tUOYfhSFI+y89HF/LQiPmf8M1RJRR8ZXhNXyL1xi3+RwccXCqXN1EIq30nIoI37K3iR/pafu3uq5Qqxg1toGGWIpRRK06mFVFkcD1EhlU0GFUjb9BpTykbVk3QWRuaYO/qkGAab/F2gSuZ9RhR9hZGgSBj0EdI0DOSN5KX40d7v+Vp0Zfrj64iUeYwyXonDoGxxZo0yGLo0HuLt5Ej8EMBBE7PqbBx6ktt/1LNC5bLIcPJgrjqcgnGN7sI3z/HrDadN5bGDkkpHISNqWm6saxgcRNkcwUB9hoptPk7pXMyoF9hs4L8j0nvlsY0Tbq8+uqpCH+SLmf+QNkEGzV/jSe/KVy00PUzAx2Uslk9HfC/Jx6Qog27uP2g5jvLpLodi78Zwh9fcA0LRDlYLw+9cvF4cqlJjxnDxNWkrzj8cLXcNgJK+8sELy7dXm/Y//FT1MbKaMcOt//qkCir6yNDDXCEZyS1MUcqQnKVQJvH/8SdVixkyMquphxfTW/ii1tfDJHbOZ/jskZ+q16jHELIMNDoEH8peFAZXj48lV6c58xrcwaqYRoq50xUA4STvPHxydWULk40ySOl2RF+Vy89RsoJzE7eQigwyFMoVooVbqJYySNUcGAWwL/JQ4XviM/jkiv80M8l9x2d0Qi8/R/mNFlTZbBpXdG/n4WFS4TPISX8OrJYjEtEiPM6ajTUHQJtfMYVhSZOfqteoacrCZ0NfBBm8el0b4zummB815td9fpKwH0YZyR+2qyjD17X8hxwWAKzZ5SLUXZu9NcpAg68CVKltKKXwaRqqZ4UD7+wggyEuggJW4bS/8+EISkMFnjQRVMYKXHFZBGUkgvdHXIRPBlxMGikiZ5JLhlmHjzwRfJ2owqVuiZBiEIxgrq7yTYZTfZPJ8Cd8f7gKxeVEhAMAwq6CrV4eBtWmKQsnkpoFRWelivHtgAeLB6u3oEx19EjRuH2AH524Qj46cQtbCWWQOsOPXy4MRyucj5PUAPnoRCofnchQKFeIFn4QplrKIJXhgynHCJKRnAxndJwzTaox04PBR/Uy1nMKIJVUI8M5gStkcKBKpisjREYLPh5YlaiFFDX4Z+Z8GWDQVD0GJ6loIYOCKCtkCOIWTkWUIWWKQmk6tZD6cz5Cw38G000yw0cZLpQ5Xxo3J38o8Rls8neBIgOqZ2MZyclwRpcqwmrGssIpHhfuj/UsPKRiOBmWJq6QWsUtLF6UIdWMQukvaiGVkZwM7ZIVbPbcwileZHCsp1BS0UKGarlC7OAWGkYZYimF0nRqIVVbkDHIdvHV/+fhw/rta/dLTbf5PVDK/fx+Cv/5B0zOI+v9n6rXKPXv(/figma)-->"></span><span style="white-space-collapse: preserve;">Profesionalismo y experiencia de nuestros empleados a disposición del cliente. Aprendizaje y adaptabilidad continúa.</span>', '<svg xmlns="http://www.w3.org/2000/svg" height="32" width="32" viewBox="0 0 512 512"><!--!Font Awesome Free 6.5.2 by @fontawesome - https://fontawesome.com License - https://fontawesome.com/license/free Copyright 2024 Fonticons, Inc.--><path fill="#33447f" d="M448 256A192 192 0 1 0 64 256a192 192 0 1 0 384 0zM0 256a256 256 0 1 1 512 0A256 256 0 1 1 0 256zm256 80a80 80 0 1 0 0-160 80 80 0 1 0 0 160zm0-224a144 144 0 1 1 0 288 144 144 0 1 1 0-288zM224 256a32 32 0 1 1 64 0 32 32 0 1 1 -64 0z"/></svg>', '2024-04-26 20:42:48', NULL),
	(3, 'ac', 'Valores', '<span data-metadata="<!--(figmeta)eyJmaWxlS2V5IjoiUjVSekEwUlUzOFhPUjliWGZ6Y1dCVCIsInBhc3RlSUQiOjE3MzIxMzIxNSwiZGF0YVR5cGUiOiJzY2VuZSJ9Cg==(/figmeta)-->"></span><span data-buffer="<!--(figma)ZmlnLWtpd2k0AAAAE0kAALW9C5hkSVXgH3FvZj26+jHvFwxvARGReTA8RCQr81ZVdudr8mZWz4w6SVblra6kszLLvFk13azrIiIiIiKiIiIif0REFxERERERERERERERERGRZVmWZVnWZVmW/f9ORNxHVvew7rff8jEdESdOnDhx4sSJEycib/2VV4/iuH8u6lzcj5S67nSz2uiFnVK7o/hfo1kJeuWNUmM9CCnqbhi0c2XPYAeNCnk/rK43SjVyhbBzdy0gUzSZXhgIrQWDayj3wjPVVq8d1JolabnYaHaqa3f3wo1mt1bpdVvr7VJF2i+5bK/SbEh5OSm3g7V2EG4AOhaWg0bQA9za6N3ZDdp3A1zJA9tBqybA45Xq2hrpiXKtGjQ6vdU2vZdLofB2Msfb6Wa3zTgC4exU2GkHpbqtoXyFK9sRX1ltdIJ2qdypbjLIWhXGrGiou6odlJuNRlBmsDlmEg6vvnx1wus1hh966VUb5XZQh99SjVrXBoxrSxeGMRNwF3klTXRpe5uJBASHlV6zYQgpUzjbrnaEKd2YDKLWbj+OQINuqWNGCVK9uWmy+uxwPBiOz7UPRoLTaDbuCdpNKlSzYuqFgtWUR1EZAFKVZrkrHJLV5VJjsxSS89bbzW6LjL/WLtUFr7DabNaCUqPXbCG0TrXZAFjcZDjNNrkFkTHpYq1qyC4FtVq1FUp2mYF3kKvRqWPtYL1bK7V7rWbt7nVDZIWuGpWgIgJK8Y53gruEpRNMTFkAJ8O766tN0c9T1QadNQyUGa2Wz4iorgw3Sq2gd7ba2ei5tlc5eRsGry7LWlitNctnKF1ztlpZN3p9LbTqMtLr6kGlWiJz/UZ1faPGf1J9QwgBO9gbXbaHsNu1knR609lSuFHtdeiZ0gM2S+1qadXw/8COy9xsMr0y8qD0oATFraoHMzyzVh5SCsNqyIT2oNzsSt1DL9XPoGaUicqHpYSEmzaVAB9eb1a6ptdHWPx1Kih9ky21m2cpPDLc7e9HZ4ez3U50YWaV4UHhnd1SO6BWwaebN4046k2zVLwOncnMsLop+mmx0jwroilcbgqLrVK7VKthJlgd9V7bSXRhHlwL1gS6GDTWe5USwiqZzpekzHLrSmFZCmtVQ/WYyTdrlUBmdaXDwgvuaZphHm+1g0qwhgJWeq12sxyEosonmKGgJvUnE1XvhVXH46kUVO/WOtWWAV5RLzW6LNhqo2Um4sqN4K6S1dWryhvBZttkr27RzIGvaTJsmxV9Es6ua9W60v31pTZyT4Z5gy0lsrgx7Nbr8NI73W0wz4bATUZdHxC2gqC80VvtrjLJAB5otAHLhjVrtkvGSt28OorGgzprWthBg3qdDWZiXSwrtr9dN/ZcV0rtM4GQ9twgRXV9Waisw1XMJcVCuVlrpqWiUX/TZiHE0picWdq0qDRZOpSXbJOkuCyKiPKSPRY21zo9Q4PSykapjVq7krHjQTuw6/dEcFcZOdmRn9wws30qLHW6qYm5wvRC5spaF1E1w2pHuriq1R+OnfYuhU30G6BCoypVpoXehFUgOgVJauSBbSMrIDRVbBEwP4WB5JS+UK1bMRexr6erZBY2WUZiThere2y54XZ/FFnps2e2g07ZCH6tKuPU6KvprWP11g92dqJtx3GhimFqs2OWWEBUqkq72cqKeq2JmWQm2UFWa11h0Fstlc/Mg3xZv2WzGyw00agqygFYdVtYaFJda541GVjoWB5CNKLWK5daopmFrMSCapfNDlIUopVoezLtz4aTMW2SfYKemV/kSl4z3OqZINM2rxb1ZePpTId7lJI20O5tBG7mdeNgbyuadsfDWQzddkmGqlrVu4JaSEbDNXupYHrlyTieTbMZXmTmgSupN0PS9ZJsnR58OLH7YZldn0xhDYqVnm1RdAWDvRDOppPzUWk0PDemQUpMsaEwsWQ0ltdlPYtc7u+jkcl4GK5RDZ3aS88uaJGLDMK3xeDObrXG9oyhA1hwOiUmzDomRcSH8mFAU9BCftdZzPaV3i2Ul3LlWykv58q3UT6WK99OeSVXfgLl47nyHZRPlKvtcr73k3a0pydDkUwdf6MNVK0Gm4GMQCcD91Ynk1HUHzf3o0RBCt2GXamIkWaySZLXYXcV22zy3l1mARt9NcLfmEyHz5qMZ/0RzZ1lzM0tumyk4J3usr2vVQ2HWevNaDobsvQE1mxRlWu62ux0mnVyXn1yEEflg2k8mSIftoUSto8KVW43Q1ZatU1eB3cHsvRQPUoe3p/pqlViKNjCMipOuYClJymSlKs1cgt1sajSZJEpxqcmt5TOnykub7LYJ9P6cDoVBtJVZGadVJsMFgjLyI7WERX2Kv1419oTr8wuDEhlCq6NzbHrodBqrANSp1uBpDrclMRrVcRD9oML+5Pp7Oga8vGGMOlsfm6hqASAL2T61wkgXbJerX9xcjBbnw4HlkjBLqucxDMGPbvK/KxNqz+bRdMxVWBVW2aFYKONrdZmPg9mk3YUD58F6VREhh0jmZQPneY8adaZHoy3nfp5lWoofpDQVLjc7KZkdDi7OIrCyI2dqWuHTWcfOxwBSHQZ7bK6wmkEV6NRlo3F7wT1Fhus8fMLCRmEOYtSSV6y35DVyW6B4ehvn7fTmI5pAwN9D9I1HGg2StxWk7fYRq/p7hLpWpF6qyiZmBjyvmlQnhzA0NS1W7i/dojdTY5f6nZk5yrkSBUNqdMH8Wy4c5Hi/VJplcr4npuBPZT4trwadM5axwApQSe0s2gMLkBOJWH1nqDXaWJljIDmACgdk1ytt3DvKUkNOFYarUk8lMllPwHkGFelVcTetQchg3Z2KraZvYYDUqkFWLnUVudF5KYP7ITa0TFoUMYsWbq1k7ycTB2mwPpdcpimrLttM3GrbMikfrnWNB5rAY++l3jllIvdFv5s0DPHil672+hUzUFqgVVWqYp3YxRgMd+shwMvOEtV+J32c+xcwbkDm2C6VKU1WOoJPfYryrre5GSPv0res3lb4dNqQ/wy8gVbgYchaEVbMu78Ali4zsZbXnTDXqrgY5IuU3cmuDtpdoziZtOeyFbI28FtmAk+npZZhpRP2C4SbTppi5whN6X1qc60P7bzbEd4E7swZ4dOj22D/VgEBJpieTPvpoleI3hA6tnjzFq7mR4f/Bwo2T4KOZjdKIo5SLpTLLS64YaFOWKLGSShtZSBLKnlDJBSOibHcAtzlFYySELpeAaylBBTAkgpnbSMMokgJcROzQETelfMQS3JK+dgKdWrTE8O6ohenYclNK/JAy3Ja/OglOJ12LxqGa0183M9DiURmFIDU2jW6Q2cHZq4mBnkxqAfs6ztjJ8kSFLurlbLVCghnRR0tZEvemKvrJtOC1l3aVVB8OYgRdt2DrZgTX1aXgxbbbtPLK2jnqy7FLDsUFPAMZszC4SValfHyjywc1ZsyvEjwA3OTYBPhNvTyWhUGU6teYFpt8a+wa6AhI3Vtm2xTTOxBtEAyzaLqA/uarFBWkNbhoJ4Wqak17tsTdqLCSbRGflFpUcT3CWT9cqTEf6ILkzVstLn+Mfb4h+/zz8F67LQ+AIlfZF/vDYgsDPAffzj7/JPwVAKZ5N9GmxLXj1D6X1nukGwXQnCZn+qPH9bioJjMgJ7W0F5uQZ+vT+bDi8ovbD3+MdT1nuPv4XE23v8rST+3i0CLOzdIsDi3i0CXGj1p9j16ngQ0c47dzAcqHtzXKwozx46qDzsjw4i2ugDcwB5oPLWEGujvxcp7e/094aji+DrWHZ8MsLZLN6eDvdnlHzBhedhnyYHe9F0uL02PHcwZS7Y491BW6GnKAAZTXzCBE/Jm27mm4b7/W1WwVxbAha4HWL1TFkTCXFn08sQWBNtkAHmKWB5CUGYPF4Z+m8UIt+63N+P0f6sCQvWHFI1SS8peK2AA6Ow7gPopSVx9Am4SrYIiMGuk13I0W8lcs+zxUGAfzkP4IORMfyERshMTopVZRGYtanDaA9Sw+2z0fDc7mwOififDClFqXKCGG7PoWR0OKKYnWUt6s/MRP2TbnEepUqVb20ZFDcar9wKBe7LqEjNQEmLLni6QLhIHOvFZrvSIF0qrbWlfrnSMFbwWKNbl6Gt4P5LAPE4G7WI5kTFpiflXEB6iuOzpFeUSuYocmXZpldxFpP06tCWr2lvmijMtWIRSK8Lz5pg+fXl8KykNzDJAr+xXDaRy5tC6+M9YIMIIukDnTd1c7PdEP4eJEIhfTAbq8jvIZWOOXE/dK1WknE8rL7eFr/i4SE6S/oIzjbS/zet4YqTPnLDpo/asP0+umPL33ynTR/Tsum3yHmN9LG1tVUpf2uzZdLHtTsm/baWbf/41pmGyOmWGnaL9FZS4fO2dqcm5dtJpfyE0mp7k/SO0uqmlJ9IKnw/adPSefImDJE+ZbV2Vubn20kF76mkgvcdpTMbMo6nlU+bc+h3ltfMgnp6uWXKpXK3LXir+BhSLmNVJa2sWfoBoUThZ430VtJ10ttIN+hW+quSCv3TG3Y89LYu/NQ2mqdFb/CnjWPUqOLBkDZPt574JNLW6daThM6dp1tPfjxp+3Tr8beThrXTdWnXIUgt+F22U5mXTfGqSM+SCh931c/UBX53o2b8wXsa3TMd0u9i5xG+vps0JP2eTQROem8r7Ai8RyrwZ7TPtKXcb7c2JN1qd1dl3rdD3HHSQcfyEXUa5qS0wzTJ/J3bJDBHurtp64ebdtzP3Dxj9OX8ZrvTJh2R3kq6F4ZYcKXGpFKekN5Guk96O+n3kj6BdEp6B2lM+kTSGanI6YD0yaSHYYjtV+o+UqF3gVToXSQVes8iFXr/ilTofR+p0PvXpELv+0mF3r8hFXrP1mF4qxD8AV3eNBw+RzJC8gclIzSfKxkh+kOSEarPk4yQ/WHJCN3nS0YI/4hkhPILyBhWf1QyQvmFkhHKPyYZofwiyQjlH5eMUH6xZITyT0hGKL9EMkL5JyUjlF9KxvD8U5IRyj8tGaH8M5IRyi+TjFD+WckI5ZdLRij/nGSE8iskI5R/XjJC+ZVkbhPKvyAZofwqyQjlX5SMUH61ZITy/ycZofwayQjlX5KMUH6tZITyL0tGKL+OzO1C+VckI5RfLxmh/KuSEcq/Jhmh/G8lI5TfIBmh/OuSEcpvlIxQ/g3JCOU3kXmCUP5NyQjlN0tGKP+WZITyWyQjlH9bMkL5rZIRyr8jGaH8NskI5d+VjFB+O5k7hPLvSUYov0MyQvn3JSOU3ykZofwHkhHK75KMUP5DyQjld0tGKP+RZITye8g8USj/sWSE8nslI5T/RDJC+X2SEcp/Khmh/H7JCOU/k4xQ/oBkhPKfS0Yof5DMk4TyX0hGKH9IMkL5LyUjlD8sGaH8V5IRyh+RjFD+a8kI5Y9KRij/jWSE8sfIGBP1t5IRyh+XjFD+O8kI5U9IRij/vWSE8iclI5T/QTJC+VOSEcr/KBmh/Gl9NEqFizZju1a3K524ap44s/X+/r44S9rbmU72xL2bTfjXWx1NtpTWWxdnUax8bcNjyvO5H92V8lg8O/y4QX/WN7iLyt8cDqKJ8rwEJ76tOx0JUqsfz6JwcjDdhoQXT/HucFDEHZxuNySUQ4eAOJSXxXstDZ5J1ETppZkwjk8Z7/YHk/tist4ubgsxh118TLzWQTTrD0fkChHjjcURwXs9JCYRERsjvzCL9kww1VYtHg63OBjDxjKHTpGL7dbd8ivv2P/bLrfxzqYIg/zy1lRojumZ0jHDjPKuN5N0hbJuvHqG8ibizc7kdOAfDuPhFoLTqkDirqZOqmLMKSBWO3oB2uN4ZzLdU89Ui0MzYy/QasnkOru46mNhHdByfwyQE09VqgRyhYXgXuL9MrWL6krK+VuYq9QxC9mdHIwGZeGv3h8DgJ/rphOOTjSGzZVYmpA5vmNkazDdlL5YqxP7MtI1U4UlViejvckzh2V6aBEeR8aL+tShUaQXanUVoexzwzHHK+n57HAw24Wzq+egG9aTXVTXbEtPOMty9LnWCEUKu/p6cYrrzFsFZVVe8Xx0Ue0rvQO0NhwnBJhpgVSG5yI49Tm1ULKu9PepghScz1zk3oMStId2zJ7fvzCMO/1zMKEl2xAJovfJSjPRddv51du7fTleRNMYDJ2WTEfVigzfiyXfPIymBHmjTp+5Vu/wtD8ykV8TCNxCA7iaGsF9zPahi+dGF/d3Y/YNvTBIr5didg29uMX59Pz3HkxkIb9O6yssmU0YAAWOl3YYTCqdn9Z6eac/Gm0R41ujIlb7+tguSjmls/OrkwtQeaXWK5TIvc7Xx2dpuJjj89SdFovqhINHg1S+J0eTc3K1YFA6k3Iy9ubOThzNsERqWZ/aGybxxLTdlXuUoG97f5XWVw04ph1Gg5ph4vW+vrpiAZmcj9thOmnpOWl5mbRYznPSYmHNSau4Ay954SxcKotFN1JozElgycFzElj+F0jg2NHRrgzs4GqGf0Z7fCPHg/IKW8RiB7EacPi29tad1P3dBI8DRJEQZUqYRZA1ijOmCWFgV5K8P2QBjSCFwdmzbc+wdBZVcdWJU3lL2EB7KkXK95kFykKSurvJ+JJJR1+QUinehhSlRUzmZBrVclebWMid4TSepXKRvmAoX15Yl8mj4+3J3l6fIaza3ScLS2wpu4IYNGOQCTRaQP+XEu8PDp1tXrjUDi0akDEyYTRTXyoQt03VhY1sSvgGCWokmHQn+6bTH8zCobtLW8UMIUUDrvenTJuTfZ5RGx8yeiYtpdCIZvdNQHcjRFx7zMezCFTxTzrOSy2FbOzcDiElLaoQq3u1Di/ubU1GjnxsCvTLfm/zCZFYCHgEcWQbCeE9WkNYbEVMZkIWPTU+g+ehG1DYB4arSaAA6a1HY9n8kJDra5KnrA/iaA0tWBenhHFcHJtQjcaRGO7sNMeji22EftgfGWy/YjW/urd3MJPRmb3J0vXm6VJw9swrxXE0qw7gkvGja9MhOG/VWruKANBFCPSlKAqNHTb56gAH1bVvRzugnLe1CXGWlqkE0VsUycro+wIR9LfRlrU0Y3CTg/3qAN9W+WaGyL+TNWQlTeFdGo9Btg+GRPHdWi0kxdBQf68mipon5SVrer670FG/v+qkw/up33Sdogj/G4wmIhBhVwf/O8yQAVTuDwlH4oDuBvdX39mN9r4BN2sjNK+DUVP4lIS+8XRVUF81kTgdYqnwciDgFGQmeYi9X8/NYIbXmuIiKG9hJoXNFAMHORuKmQtvxr7iZB0zlRrL2AFUFoej3h8fsGFeDKMRizZinavCMF6dTAfO97kMQjE+2JLo5xZblnTuBriQ8TavvR9Be+fqAipEh2dShkkZo8nbMX0InkPsnKwwUQHoR4RyMXTe8g6+9xmr17GpRET434d2/Bt9fHcisiL/Vj9d6zHHRDZHdxoojob4tNOLYhA6k9CNBTQBcJTXCxjn/ck4Grv1tXgw3hnJdbXcOuZJLg3jblJlJLNs2S4n7et9jg6JVdxOoJaq3j/YGg3jXYhJx8JuZ9KJ+nu1jD3pxDvaiV/lWCR2P1HrcCbDzmyVkGruhPfBKdbHIYuJwy+fY2HeCl2e7uat/yLKbBz9UZibkaSJJW0fOCnvxEz0/xrhBN0yJwTjPLAd+FO20gM5ThSyo0KRJD0qLMT706g/AGMx3p3ch6w55KxGSHAgthv0JUtjkx0LL3rZdOIKx2xjV1q54DLHL7rMiY4cP8weXB3vyEHQsLqp9ODA7gj066Ggs4lUVKLD4Xby4iK5s5HYmnkVostEO0381zMwrnEkek+ZTUEatpMTB9uOa1wun+2Z87Q+0gk+khQ4FqPzbutkLEitOmAqhztDvAGUnlaW5mdYw03EjxPZcm5FRwiopfT6XnFzl1zzacmnNZ6Ukss+n7smxpFgFlwxRS46QIK/YF9Hklt0DKziiZ9jGxC/jKXAbgw39JKOWm7IuTmzF9hyiejeWOlLCNgxpC2Jm1YrveQF4KXoJXQUX0kU1PO2UrCh8gVEmYHKoiaii40+J2EjQ4Olio3SJmF7c8OhuMds2yeMOjxr7go8SXtcpxgE311omjcEhYDjtUQwoMx0itUCI3lQCoIK2+vm7oP4cguyvdZtvc3bAXi2Zch5HMuAgT8WH+zscPWFxRiKM2dYY1Fu4/TPxBGZEZBUfnx4TuyMObwx/xSrFbNuvsIqotQ8mIkDK4afekwc04GjKE4L5UUw1iZEOELz1gu7dT4GvITDU9qKJ6ODWeTcPozcdn5UX9bqmGN5c911qbzqWq8RBO4SslQ7W7o7JKNr5lgjz38SU3AHmyRnTuVhw9NV748P9kLsBRMRK1x/ZyOIVMQWGsoywOs9d4BVnLrSouGLeVzaF2M5HasnqeUcJbfQj1lqrrQS21qh4UDHM6oOcmKd/QQ1MidlWNWWBH0mO73fwjKCcB+2iGkzb+yXFFZuzsvHwZJd2DjMoWQ7IgK5dLMqLU/uSLihazfPCMRzr9X9YG3Nvp0rcA/RbEuu6B5LLWAH2XMMvdxOafuydj5xINz2mGyugsBMM1bRHLiPBeKaxMxoYj0oezLZtspdPGN4WS4IHIDRfJlhhnBXUOmd3QhY0RvVWqXXXOvZaq4Ee8kPBhghq/1uVyMNvdJ0O+WCEx1CLI3PIUWiWewAuaI3HOOjt42hp+jbTafGOZG2B9MhHOrBMN4f9S+axbAi3rkpGt2H/9bogACM623fFJAkzfDciXjQ4LwdaMvUtaNRn6Pwrm1Q2DdA22AvspE3mripJot7VcFZsr5SoX4wmg2l92i6NoxGg007FUzQNgsK2aMMOn8j75UnDFBOLfW+hOWUWkr0wz1QEoNN4jmr7FsjTK6Q2OFiaqEXpE1v7jHBYtpBMB7sy3ERMUQuKxspbOC77ieTv8U1u+XkJZ7y08ZksBWjlrRiNDl0u6JpBorFFcmH5KQeP7paqdTMYy9sp9FlrsMSkH0flDy5sk3rQ8sc3cQAhcrLvPwqTLFRA0wYWoxYgtpq86y1QCyokhMNW3Pb/iAma2WXoZduXua6HFUlp0vjsdtXsXgEJGYXLfaNbrEKbbtYNTed5mWGl75I9Lnm6yXgghTSqmK9dFdaxb55V1a1aEmmtUtlLmuDdo+btmpXFstyag6OiYFAjPY5wYopccm9Tkf5KT++Rq63VqpXzSu9E6boboJPmsLZpPNTLNQg4+WKWtBBk3ryJo4VDORKJo2dOgNcZQGtUsU9sLzaAtx7tWtsyXDlNr9rm9LY3CdfV27WW6i3gV9vWElGc8Ololeenon0X8XsZ7Woxai/FUnwSO9bTDl2vJpQQIZUj/oS7pZIkOh4KAZdFexKUukK0m5NeclK8i9LgQCOMftarh2EHHlvNnE5P4GaTl7rqcJsEvb3bJHd2BiwplFesS0zggQo8QI7YwJeG17AerClWZqhCR+YLQZfe8kdEOqTw8i5qpPR4IwxWUQzsOdrqa32crgbQ6LK04tVIvw0ic2FhlCvmpHYcvnIAQEPNBqJRA2jJop3Hhs4ts3obyfrakSds7gSOTvfNeG8wtnh4FzEVsL6xdh5xIFMW7oMBkMidzKAwmyIKZ319/ar8eRJd3DvCml8jymIQplBCXI0KEmo3N/Gk08KBalIlnCxEshPFZk3dXaj2glWm6W2LHVtHr3J0vEqwWZP3nI3zS8G/RAsgRfYCM9bIn6p1tqQu2t5dyargZw2PzBxPyxzgQCH3UB7AaoQ5ceEJS9Bzc9pkpIXYmdQoRBNYtfKGq122SNJtSwDlpo1THPYTkKxKai3ofkiju7+ABF0x8MLnUR0CMPjvMVhdl9aIzg/FWGhgdSJHY7ZrLyXmvOxzICkNvL/hP3dfhypBeWZjAXesY+fkDyhGik/V7QIT5yJDI6h4KQW9KSxVYGipBb05GHcsmddUWNWwBv0PJ/v8EaZmprxvt5Tz84Dne6qX/P0z7rd+feNS1KSCIvENd6i1f+yPg/b16K6xWUtB9EwDic7M7cth1IFG2/UXHZMxlaUjrXfALY2HI0SnJ+nbH3iBPKLQJqH9nArqWxQSd1XLAcdpAH/3IibYmVusL+feGPkf1Ujk8u4Ys/1WOi5qsyve47HbbhMK4FNnKLNlNSP+0c8tnd6k2dyog0PWL0o1DQyds/4IEL/b9hKD+uTyXg05B5pdDHp9+P4V7sELrFBTgrI815uChw4JwxT8eqkIpWDAf9yAnZng7TidWmFCQlkFb+SVMjxIAO/PgHn+OGkYtmg/nd0bIADgIJCgEu9306DgVnEpObPcjXCsMA+kINZpgT65zmocCSwD+bOka0+Bi1WL9X6D/RlOVxNUeHyXShNyAq2IVGl1T/AdlJs2T2LSATuZ1Mib2xevv5CogHGwc1U4KNaPQtqBjq/rv4VubRBPlD1ffmKTGe+34JTo5/TwI9p9TIXYZtX3xfrgyQaBfV8J6/hTpItpHs/1Z9OAl6ISQzER9yWU7Or/IxZ1D/qOyQz938tByjLmq3+KGIs38pI/yYhFqUO9Qo826vV8nyjr2VURNKVaCdWz/H1C3DAc2DkG6uvefpHPTdqkcIbtPrerGhticwPO7YTpsCxX/pfc7uFaUliYu0o5vgYjGVi5BjwgiSERsTGNjQD/PF51jBmXCuJgxGrZ/v6hYR5iIeWptHqwZYj9BtpYC2U6Jz6uNZf0XMgAnaf0PqrxrYnLsMkKdgh7CcNarK9q6L6A28v29Le6qmvm8vkkCHghFyb5G3jKrtA/9y0v78rGwG+0LK67gjIIp5Oocmb1mV1/VGYRT0zYy2WRgw+9/OvR6uHXAZsG3TSmk1WjtxSqceoh14CtMhdgZfZ1dR16mFJ3lZtSjF3LXaDevg8xKKdxZ9JbgLH6tFZyVZ/t0iowX7Hxfw3J3lb9T2GnCjJy7V6TFKwdfc6Teo4qHqFVv/OSJ64w7A/Jny0tzcZ1yQmheMpsZd/M1eLR3VhdtDn8JthPJtVmKJUhizdSMbBCstj/UAey26uIq88ynPyKFglebIA+Afz4BBXhCV4TzSdUPXcfFXjwL5Gti+hp+qHLlPpdEDNiLpfWst1mXGD1KH64Xx1WV4qX1DPz8PSfe9Z6kc0mzxmLCE+Vr9kMVM78T4w+ozHXtvepN7liWNEucUxH3kaQlr9RQKuIR/Kf8kx+EKNqZeY1N+zfRruWHPOL/vkPMj4MW/31D96MktdtuyaiX4lfCyqP9VSwwY5Gm6zCR+pfaE/m5wj5DFojpudNRxe5Ijh0vrPdFLBneNczQd0emeu3u2rv9diSoTae3314UyxBBRj3vVzDWurw8Ew6/ZnDKxjL/8F9FTO2riEG/1Bu1PrUIcoXuNFRy+Xf9iP7RWPe6izgWYg6+fn3v0suKzV/qdwZXDe2LRFm7Pgb8+eDC25rK14Ki3Tq4DltGArvyPGPhFyWJHUgr6T4Gj6nuh4WrCVTx/AHgYRPRmrZX0iV7QIpT3OA/B2haQWVJFsNW7aQCp1V80BLNKawIwZfYunfi/nLzTtWBjW1ZcAbdN1bA4HwzSydU2+bFE2YuPNuKc8y+qmfNmiNCzImEH1EHVzrmgR7rQQVpF6mHpQWrCVbVs2v/V9hHpwVrLV4Q4uTub5PDIr2vp7bAMLEoxH5QEW57si42PF6pNaf4vL25peJpiyC+XeegRkEXek3/VoshfJPeLXtb4tD7A452zPCVCwbp8HWbxdeQfBOkctJ/u1aAezmkkdEf+EziO0RdBHMF6SYaxOZrPJ3mWo/ORRnMsRemmGlNUMZUvdR9lZyujcTx3F6UzwJajNUH7aBEFwulm9MZsEo0b8ZqX9jBwdSltHAvrP8bYm4tUwvg3joQD7BQez3KbgVzmwDDEF/qIDmjGl0Fc7KJPLeQFFlyXzWgekK6u0DPuXHcx2lYJf58DSVQr8FQc0XaXQ1ztoaObXgrG/eaH8qrfLFmddiFQmM/Ug9cDLwa1qtGL5ragYGbWq2ANcwVY+05RlXOwQ8HA+X7YoIwNq9Qey14Cyly9bFDoEVGYmMD1mkao1dcEATx/Y395uqIumbGsr6oPaFDdSth1BOvgLW4UxN95PVvEhW0EoBn/wtPpLW7QuDOUP23KL7RA/IRw+S1qdVv80Bzb9VwkexbD0GVuVZ9xWVdS/c1W7w9HANV2fTuS3YZ+1NY4tM4VA//0c1CoB4M9ZsCFj6IfRaAfhfN7Ckw2fJqqmfozDGsA27uw0ju6Rqb/ApP+4BZsfAzfUH9qS49nNFD2929sbjhl0pN5TUH8km3xSeM9cC8MFOsLRZqZa6q+5mA/H6PZ6f4+11J/KAvuohwK5a2Q5bhsv/0dlQdob3VDuNtKKF2YVq/RzLrNzmL4f0xkp40t8SqufzcE6tOJ6+uU5UCW7qf45TbSS8Rmsu/AsM6wW3kI0PYxCc40D07/FKYSQpPFdDH6baEoGkt80r6jfznglKCjX0p/V6q2axZLc6naoUh31u7muJDY1OZBZfnses96nwH/GJv2eppDU5EbwDgkScQ9kyuyyTO2oL3eV78x1EJrnvCFKNiuZJ8BiZP48Y7WakY7Vm339qazKTAUSMpFJ9Q5f/Xdtr3aMK/5CT7/flSX0iTdk739e5Om/TWQjwQVoqJd66ksZLODAD+S/ZJAaIzVxAfUKj/vSFG5as/WyD//XDEp7C/vnDFZG65gsw2qsftrT/zOrE5csvSB5uaf+V66KYapXeuq/ev00ih3jvOn/7O2hHriN4iDGmFr9bJ9YwJFPPx1X/1kbaBd9ccZiWf035sUcWy7zru3Nmn32fqs3WZxwoF7sqQ95YxbBkdd2b9LqizA/iLgu3T5fY5M7wL9Ur/DVD3ojfFoU93AY3WdwP+AjBsOcc1XxgDXDdy54GYHJ0NLd6Oe4Xh5EkxYqtMVSw+cnlhhL2NSQe7+v/m3Slm5iYoqy5L5cUF/y7jMBbHnsx6EfIUbqfZ76iRy4bL8kssj9mAVWrATCg63ZNEo+NPJeT/2kqy/3tzk1lSAYM0vqjR4KY2uq4/2DWXqz+mJf/byrkG2ee0QW4isdZGNyiBUzavUeQo1Yo7MGHmL7z4vcGfUvISJZIIjBscGFv0UzzUH5rCNXj2b9gYjiJb56noMFhyJD9SJf/7CDtPAs2F0u1qPxgTX4L/f1j7hKw7xoT4M5NBr0Ml/9hG+UoD25LzHZMTFG9WbPgDF2B3vjuZrfsjU0sCqHo+jhTBugRT8r25gB/zbBSrfAsWdy/mDid4bmJYTM0n+5pL7FkuO0tc+ZMUH6skfAyr3M+4Bm/LEghvsRtn3amIhmragf8s0DNcz2+7X6H55B6QjEUPmgVv8zByPsxZ6qnmcpdaK9fSJiEoN0VyU/4g+GEgXZgxskXB2wF/wHbjnkANieTGYUP+eKiWho9XnusU2rmqmRNwaG53/21BeSKkfQ7H9f8dR/SuC2Sat/EGNzv+qpL6IuLRZXZSjLQvTga1ZUHPKD8cHeGsYD5VSv9NX/sPaZChlqUvEqX/0AATQ2RvT+mMlYj+ZpffPdljFrHqons5KtXpXVZze6II2OnboEaJHLkQkeM6dmMTftW5UrL4Va9CDGoFaxfVPz9BdbdcM8xKLV9oaMpzYkAeVGEley1fUZGtxBZ86zOYDwgHzZojS3WI1zXzp6pHrEUZhFvYtVhsLlnUuczm+6FGrR7ybkMOAqwHwaiP7U49Rjj4As4jOsEEJCHcBiNgv9rfMgi4feERMzkxCLV/MU9bh5iEXbGhkFkUB3rL6q9bflyhZj2z7qFh0gJq8enxVt/WAHNUPz4/MEncwcMlXxJUCLjFk0fU/WmAOt2IjSokU4tGNZRepWL5L2YN8nwUwW5de0foFGckY3RQuoe5GOjVeTfVHhHvUL7ClyUgr3WFq7iIZJfZXDI4QSE7/YUq/VtseOCCcON9clA8Ffd4hMFPO0TYg3NFvAd7NbbWcwuIfIb3IdysWt8Vmn0ThZXCvsi5ZKatmf56m36b578vJ8T/1hsmva4LCAa2YGNt2eWVTv1mPaEp+jaNb9l7T6IxP6HR155/c5rd6TVIjzIsYvQYDLP07qMulWRYqMRBA+r9V7L8UoZa/pvqjVnxgElMMYtHvVXxlZ9PFzptw3iRzdJZqcx0pjfFqZANmhP27d9zI06RK5yXycVn+XEZAbK6FwPwQ+oc9HFwncnTuHZN/lE0U4nOCNBrJVtXanRHaR9z9q4VQ2V4I6u6vRzmSK10pcUAZ4r/4P7majhlMRqxd4+j/qGdMtcT6RvHqNr/4TEwKju03uPVinMIofM8EuEvQkDyM/hE8Sz7JjxPOJiW1FA0PgfT6OIiHM3XqEATag1xTwe1AK5llmGfacJrED/ZQXD9kjOO0l9wet/jgayXBf4fW3GYmJm2106jVZHu8tqDd4EshrY3HU+wrq13NINfcS4o3eoaAAMd2/raDelELKWJ2DPUYmrvg+F2DqN9M6OeGuXgxxCKj5sEcEM6kRGJWxentBvzUPZVN8r1a/k4LaEQEGdNko4+sKxEaTGmHF3HLF6h0F9bspvMMsjxuYChj/RAoNtyf7YL6roP+BrYYt+SIqcoEzlvqMZ945hOYCiUWvnsvdtHsa+WZP/Zi/hY4xLZsJJZgcCJP/3TtSA/glRXZE7pVYn9ZmBBfYWAZSywT8gD/FbCToZ1D3FW6PxCZPdnZCZvAgFkl9uqD+vQcLtEuWmgF76o8dOHGwBPw5D3dwb8jOLIiWinp/Qf0JfOQuqun+fR4axIaOM/omT/0pcuB0iBe2gzOhPlRQf8WVv+gp2mRUmvG8S6uPeNtig9o2zJ0Zw48U1MdQQgO1TsKK+ltvMNkm4k5gPU/7wwX1d9DmfohJyD//iFE+/Snr7ZQge2h9Hq7xrHA+bVSzNJtNh1tEmWL1iYL6JzMKM59mKJ8pqP+Iu72HF5Z+zOP7cWQSkPt4x7O1+m9IBH3ijiymJ+ZRcQXhD6Kd/sFoNlfByO/FVZ3mYfzf7IVchuNM4xuFwjUTZn/TICLADImcf9LfcrY5Vl8pqJf67cvS8bzZcIZ0VhT2AZueXot6mxDOjhee32eH3acIbb3H6Pu1iXwOR3mcikyPfl2gIkEIqGV5BKz4X6vUDeVpiO401+U9icB7CdCr24+c+d2GyxUcmhR7KbRovsK91myfte9fFkx5tVQ+4wCLBmBeEy7hTuO8m/OAPU54C2gA0aMh3hVBSa1jY4YzQP5nvQh1LcVGToysACzMNbHQ4jBu2ma2vGD7rbh9b+6s5KEJmDPO/fKWg73B7BZkvdxzSllI2Y9M3u9pPV8ZUHMRUueNWmaPO5O1XHGLMaPxQWgcqQ2ogog/xv7YtxPwc5jDEcuaWiyL8SFP+ZtzEPXwejWUB0LIWx19zaflo8frbflIePaozsuA1UbFPo/zk3eByeO8gn1al7UqWoB7ipc825fvb+eg9s3b4jwwee+2NA9OH8Ytb1bD6mpNlMu+OayUOvJGaiV5pHg8fTJ4Iv3Qs3RlmOgdHfPJeRzT+yVIpzIky8flaV1xCdrlyV252mxXAEiHqQivckDXMoVf7eCmxxR6jYPaDlLwteYbfY1OTz7UFLQ71UD6u86Kstzsylvc3CxdX69mr0JvkKefSeFGqUkFeZNUpaUHmMeR6RvOB5pi8lbyZlMybHSqzYZ0/6DskeWDTa177/mQ2tEXnQ+TR25ZR49IdFd2+9QVyFbJR3KrJI8SUM9SSRcDUJYvm266XgQb0L3KK5Oz2zkNc7Q/Bu25uoAKIcqqnuHF7al3F4SeW8odoUqkgJ2LuEB+481IfgKS94sXgCTkhwO4yp48X0JafD7Qc2Q/dQlZhxOAkJGMAWImvZLxAVquA9BypD4DqUvqAyozMvuuQjizqNVZtGf8HeW5R4ZqtWY/YO+I5R2OrLPPp53l6gMqs84ESEgh6SnBY18Y942LZh/hfhYMjtfY8AYzZubVnxHw5cDNFv9FTxUOCZ6Ywpc8Vdw7iNnYpfRlTy1Y0p0U3dMzydei8TmuKLCxFmEzoeDh5s9wXNkIstp6SpINY4JLUxHmYpiadaBWj0H1KvkISBo0EanZJ5gd+yk+7fDyERSd/LxjTv4O0RJ0IRUhBxF1t1n5qHDuVU872lFecYyM7GYA+/gv8Mo6eNZkb2sYreGMiNvQsOL1t/PNG2nDryPS/G8LiuXL46lCZqxV3lhr+Q1Tu1phP+mF5k8m9GAD5quNjaBdxbpUazVrU2yFP9dD9jxJeYVkCG4xPtc3u+CmKbAl+qPoXH/7otvdO1H2wqUwR7Miwlm2Qh7b4ROIQtb9kaUF4aMvGwv7Zo5c86q0Lc5kUp/nq4W8gBb3p/JqjgOXoRWr5/tqKc/l8hwvFuz5EsmxeWzXDNZt4eXa/tzHllD2ucYdYUB+IWc+52XETqKT36chYraDRjnoyY/GAMy3bh1hFH1mucoxxRRXtB66k6H8+NJBX+Brr5oDzxOBxkx4eqGv5MiM3L4BckcwlSevkFkWxttQ8ItPKd+VF361ddcCOWfjaNgPtrovvyrz4z1SLcPuBRVUyf6Owyt12AQ3ggpaBYp8xzbs2b+kItV4NF22SOmpm4e7R+MmoLzq/HKw3Td8WbLdRrnUCcjad9aygVHwbLPMYM39usfmNwkjoEYG5OLWDat3/llTkukgOpeGuK1oFktl2VjpRIWB+GYdM63Z/FbY+p04fAPshUENx8TUOi+dXBFWRVLO+813xgUnx7TJVEIO6LmHl20ysD5DI/FsybohGsl0UE1Z9ZZDDydiPRC3p4Gb6L7drtrVcvo3T9wU5vuUAbL+9h3ISSLf3xAM08FLWYjDbcNPwXLGTZSvi7FhOxo0DYxalmDHPlBi/SzuomcAlzBxbJTcaU/22C6ZTi2rD+9h7q5HXdG5uxWE5XbVfG1PlVsy4dp9hM4rh2Je/dOlzVKKU5CwCGnxdGjmZ8F4zXcKaLF1d2fDAJfWxTwvhwZ8LDxbNY7xypmmPPAnd7zdDQVyYrVkPqd4kmOXfNzZyO1UVU4fBBmDXGQcY2pf7ieVFTQuqWQ3IzHWuEToTj46fb9vfZnofQdETtacyor3ZHprhJiEMAZ3RBathdrWAZEKe0X3WszukL0Kb0mkn7znlN9fRI0D4lFTSoXVrIEqGA/WKke3kRV0esxgK+vV7FcPfcvD2J50vGMjsobMr2FUYjksYn2L6thlWGBDluBMGnvgQM8A3+Cr5cE86I3o1TxIJIqReZOvCoPJfWM2WxzCtLMiOhgji2i8fTGDLoh4EPN01rQh3aJalJf809jw39ypUY/OLVWyHUkq7MD0PAPCk5ZaM1ZVNMqAOJQTVyIenQowgXjGB7uz2zTGyd8ISlSTK4SXk4ZKvryuaubjiLptvjGKhzGP5tlqZavxVPLVTlpY97r9YDooKrgrzWc/JxfMJMrrFYeyb2pmi8ZvQY1sBdE9X8//gjFmYnFs5WNZeyA7A4qAiynlwFDxFodZDx3AqqPYt1LQ3LU/aptW5G79fbaqThbdxYW8JLhbJOiOBkgD8fJwwmi3sCfRlA3uDwBRXkx523SHj45xVVltDPzdbOxjjI9doaNhP1Zv4RhfnowJU0G3PyoZxmQj7rscciEQ4RDEecg+BlAyKMq7OeOsAXVWKxLOYB1Q1SZOcwrJD5wLeTZ8g3OXKmQ4MiA7xtzAQ3Ote+Tdg/yoWy7+qTdk2vKT6ARiX3EsSZRndNlrgeVLrxeOZR3iLsRzj0ZWLL9rXL5LvVrWx1lS075FcItwS52YGbEnk2BEcnIetikWT72+oE6ZOXTCfLenroCc675N7zMbYks45iIQqznuTkfVcSO6j7MYoKvmSau3+urqeZBZ8MzeNaaz8PxwvzMRESPfa1PQ6sXSnjlqLKvrEKGd85hm+vq0mOnI23x9wxFWrRRyvN54BKGaaP9hlDqCEu+/aZ7bEExzhn7APDw9ST9wHg7+GePr3ZwqZwiGBC9b5oEIkSy3xx+JX+4nvOIIuQVYicw7H1U8E9yd/JKOPeNMAzcnczPEMum7Vpt39fAcyXut8HYSn022g+9BSIRSAa4cVZbU+eiibP2xKmqWh4G6vt6JIdqAafuG2fMOzG8IzW8ZGKxXR0rwaI0pXeX/dEuzdXev0hWzl3iGFlnMkjTWe7YcDbpocnUAXS8FrV5Mgf4O4e8zRoiF2Hb0Hp/ja4JqEavI8pRYHQdNCFj4YsDWa6+CvBNuDPF0u2tyaQjZnyWPpW1F4T552IDOFXdtSByzFgmhDhKhfjHFr8rDa/fCemmHdYtW5mHi0B2yWuTu8Ri3xueGqKtseZRXEHxu4o+bHjatUTcCOIHGuGcxnn9gRgVUzt9oUejisgLijAJiNnZAfo15w1ak73S8pQMzNp0MWpydhDXi+HlWCpcdX/Ey41uYxzzr5HZUQIkUlzZhR+4UcaO2++PDfizXdpF7AMtutM+17cixzSL0TLkSyYI1QW7baN1qYaEufz6IHXTbBqsfq7StN0Rrk+2+Gc+W8nLgkP2U1W6/Xzc4StFS2jCPldoYVpovcrznDuQ8QQhwiBnsm/UL1fCIbTFPqaDi7phT0+t1mHiWFq75IQtKriLMr5DIuX717mTGLcfMFb2Yc6HLJzYgbWxnszixJYf1jQgwz9YAVRNTNxm7uoJrtorh3+eYO6sO5FdKxbTPMLNoJdPQ9m5+d4yPvYa/iS52Jvt7E7y+bS4ORCPhB1uXs4bAULh5mKGE6k3dJWUCF4uK281R7TJMSOX/DSOQshblCDNCF3zYmYeDDxizX9hkqUxC8cDK3Dmes+x7RYvesM3pbhi3mBVYEe1NC6EoOBAf/ZKIiexzxMR0oW/GIg+zjXsRyzpGx4qB2IJBNGglc2e7MxpmO9pHblDiqig1BMTYWg46CIVTGmzhqjlxVKSZUxsCvMQsOulWmHqy2PLstkq1A+JU5sJLI1pzopARbREis1LApk9wf0xnn8ZXH0f3pQXvEuWqiHL55BI1BIISDuMNi1kdN6L7jgwBbRykzH1G4kpJ7GQmEyTPCoTqYjUDJ1PE9MRSMr3oo90m7IVzdOAuTujkwAXzY2z1RfYfsd5lYyawyvG8NXH2x60u8wOeBjPmyuYQFyYtEF2c5GmNPgzwa79heymHSZu2GeIWxhqoYDWn5clY3HoUrrrj2qCgDKMcjUaEx6sCWUghHP8NZHF+TltmqMqXD+Nzi2EOparEhYvNEmmp16vcXEjBm2/K2jIPjZDMvqGCwNDUyTnmVH5YwY6bKDnGPJTJIegtv0xlKceGsUTi5sf1idJZ6uqzKNWl4BAy3Np/ieNrnnwBtccKp/T9rXk9TJZClSOzfKbUiw1+arX9ZGj2Z+lM16VdC0eXYTRMOXJEHROx+mfOdHNMms2EcHu2WXE9m1BbE1lakqyDBRql8orVl329SB1BNvvpG6KMKAImDIGzf7I1dmzZ25SjWxaLk8OTnEWiQZlYEBpAkxKCGXGESBRbtjrAsylbuHsJCAfeRoQLuxX1Z8w8ZiKQmKQJL6pVbtjSku7ihsCb8O09PIZBhobUF1kgSd9CznnAhNklDvUMLIF4C/aAVBQXwLgKH2TR7zGcSH3IV9maUffqpckWHR0iDmzp8iDCPYkaluYxTAZWxOzcsfqwr1fsTCS7Nbdnvnx02G0xTasLsfqor0/Q1RRuV9RJM7UJzoa1FyyYU3PwVmKjqzKTOQvDscmhJOQrMgFY3iv3KWW6Fauv+Pqq7dxkfpXj0uHctH3NV9dgHc5OiQMiu2vlc+JrHFpClAJd0+q6nOVKLGCsPufr62fogZvYz/vqBimGqRS/4Ksb00kpmZ0pZKJu2plsH8TNcQdk15azz246/88ucOJJhhdmG2bJUK0Ixx/39c2Hw8vsmp/09YO2R0OmBzGtqAebrqAiT0KqAwT3kMtRli06R/0Tvn5of15rv+6rh0WX3Tg/5euHp7ODzKSnYBTJocHyhfmBBTvruj+ejC+KxnUTkN13K7DmY8k4JMaWLl5KiJoRUezv7955EE0v5oLkc2eiRofIFbe8XOibP0CoW7Xuuoll4UbOUcBSxXgV4uM36JU+OSHuYxQxUVsJ9ecVlC+1lvs41RJPb41YFCac4iwZi87KB3+W0TPlnv1+XdeeB2TG3dXfEg6LvUbDPM6At6M9u5/YGzwkyukFuCn6M3Iin0VVoKNVcauKeMxy+7dIHJA10mYRIu9BCLQDNgPb2zeNF2NAXfmyJgenenZ9iPXLWKCBrAaQ6FwakMNcfGPKuBPhbLLPcQgSRMasNzFtTPY4e9nxe3MmaRiXZdkQmZUWqQvlZDKPO86ovITAU9lo8ep00h9swxQXs3PY2/NyfyEtZvA6VS9i+vaTftRLC+wDib628mB7V6teXFALdQgjC+ypYKE3Ot+Vhy0xGfM+xmmFfA7BqHVSfk5BF4dCuw9Dl10Gzy2ohxgNUs/XekFyq/0Yw2a3yAfJtWN/5Ezson3rqApqKZbwb4gfbGuWk3JHWH2aOpaUyzgodGbAT1cr5u0gbBfVcZN1GkuwyhTX0vP/Sdtxq39xhKgBnIrnFo3cpz+/oK/IDT5dEi8oqCt3oLRpT9YM4ypDvYqiscrYAi82D2axiGK8PWJ7IJYm+y66cLVBbCF2Y5auQVOI/2F8R2zXo+54IKZt+7x6WUFfZ0DtKAe6fivRC+5nCvqGabRt7WwYfe9BhMa5e4FFdaPpZ3WKGu5yVCDSsQbDdug3mbqAUBdXGiK3N3vqAftyyLk43i4xjxgj0B6YfoaDy+HInAPle9034zvPLsqD2aq9y63BEiN48PZouL8lv5VLd4J2dI5/cVEK+qFwhySdBYnt9L+8oB6GT9eO9rH/CKls5xJiDw8ug26PZm4yjtijozXpYwNPNM7CUuycRltYrF5R0AX5Km9JfqaQ65oj+DkGzlQln6SDZGW4s1PePZAo1kpGCkuhtfVRF5Q3sN8lbFDNosEhMW54VSgVbN5pdtGWqgySZYRKMvyFbaEel8wvqBFMZxc9ERBdLG4RnBVFQ1IbQxbedHv3Il3opf1LYcuXQ15nQDKTx/YvD1+R8SULw1sYM4RkhJC024EsZsbo5BCrVxa0L8VV6U/QCluSa5keGvMUivuXgy60kzfVRieV5/56ZKVHYjY4lfwZdp2iVmQ5esT6yG/Y+JGeJpWGzqsLeKt9u98LtgGq43KXH5Rks1RrtWZJtlQdduTvOJLzSrVqydxGmtteMvJpznYQuj9YX6ybu+qF/DuLRfsOS95XUFqS68XkacZytbEJRcE61mhWgt5aNahV5Kt5ppOVhL12ZMMWGZtL35jNlDvLTzHPz8IcP4t5fpaSDktje1eJGt/Pu4gV5e2gBq7EAatvLlS4YykYD9vCn6GK0YX9KZab5W5Bb2B/2XOvGdSbCmzO7gmzhbyL27odVnsoVtyC3lxQy9KxjN5CXs4txRglMYu3JB1bONc5K0HaH84aawQrrK6Wh43pTb77O+S2KH+EWP6arH1GZ69CzeuClnlw51eqolvkCsGd3VJNpqXYaHbkD7qbjywu1Jj8XmfDTMViWug12ynK0no7QF3bpoLycr6cRzxWMieaFTN1x+mF5ISd1OqacHOSVg37h6hPwa/52GKv1myeMY81rmgE7rPFV1bhot3tbAjmVZlEWBBRWkjF82sFJb+DceDS9NyBbNLccBR0ukDqyYyZOD6zb6+swckWETi4ewYeqzcWsveCa8l80prIKA43hyha6n68Jjokea8xN5/WMaWtHNE75nuI5hw9JmOw1FtpMxTr35yeMRwZH9XUGQp2nXhzT3DdOxe5nmj1SlTYj1PKpKbMipbRuxmG3E/pAQBD7LX0iJDmV+Lr8K6SpmFkfitB66FYcz22dhxvcu4lU4ovRDalH4arEblxLd6ZE1yGEFCLty5fbBInBuKHORwjwE0HMA/ulbpO/lRnyAVJIMMzT5PM9Q3jpUhgZf6drDwk6Wxk70H9dWM5CkJFHogJTtF8ydcUKS2EG6VWWrJ2xBWWUNqm+Tzqss31Eht1zH7ENC2vuHJisI5n71fd90qdnbIfLE0fwp4yRfe49YpaNf+U9cpL3rpeJW93zAuRHPDqDJi+grjGkGVpEYvCPsigry0jcvyfWf9Ci+vTHXmOqvyzgXzHW7Fg203mA4EOm4Lt2Qcx/dEm+zNnJ7cecDO1vFiRH/KoenL/X2p3qmUzOh0iBDok6zVKmyR+yX0SvbAhf2WtuHEr/y5s3Ma/ixu38+/ShvxlteWNO/j32IaEQ2S+VtLHB8fXmk2kQO4E1g8rF5I9KTinNgR6BdsWyZVzbxeuMu/Yru7Kv9ewNLqk19bkT01eVxHY9ZUO/95QkRHfuFZd7xoaN5Erl1puAA+oc/okfSCmk+Rm2VgeFNT598GiDEb2DwnrKBaZhwpXD2PGhc7D7+SfR1TWpPU3lVZXhc1HuldAj2pLz49uywC+2W1Xj5E/eE76LWXsIOljmTiSbw1L5q+gPu7MqvD5bRh8kseHRkC3yGBuFcBtMrjb3V/UfMKq+YOad6xWZGaeGLaMpX6SYeHJZ03ylFa13LED/vaw2W2br4I+tVqX8XwHASoZ4dNqpdVAxvWd1UbL/MH1p692Ox0jl5J9GkZuVfh3b0dYoJ1k8irkrQwDWU0ltgnya81ux9Jax26xd5iZ3KiDI2xVjc9g/wLB6Vqwbp/gnZFdS4ZSE11uT7C96hmJ3jWwgiS3l1otc3Fq+3zQaqmBSSBXFktZC5h/eBDhV5zhqDbWhEDgRrvmZnodlZUv5ls6G4TqbK4aBqW2+UO0p/PP505kev9g1n233kiV9uHEMQhdOEqPqFTllX/T8PDISvYd/UclEnustLTL+VvtTDzOyfXxkqJWwucteIvCxa1sqdLrE1D9/J9neGK7eZbkSSQJ4SeTF9qGq6d05Akjmad18LpWjZKV0nnV5Y2gfIarcPKefJ69HBjV9rFKoloFmO46TopJPtdmIYGJLRbxLqZqsJRMuO1zOcE4Fpbb3MJb6Ir5zK3kToataiPl6xRck1xJgjYbrbxK1Mr2enWnHQTSK/lrmO/VpoVfKyMgvU7kZ0HXC4OkN0hq+7zRcJII6ya6EHSyDxCypA+U1JG6WaSGQ0V2tVQLzEI+U2vKbNXqpfadXdOibt+DkkPP6mY8TYNdqZYscivN3WkVy7J33L45IHfFnC17SGaSHuqm5GEVlqCDfVNQb21gZKXHR68F5obhmzFkdoU/hnUUtM0fff6WaiOEDdvq25Jld5vos9k9KNwRJobt2zE2TI59pPhUTA5XWknxO2gp4v5OGR/p05PjS1s0DS3u3UIhTAq3UugkhdsodJPC7RQ2k8ITKBhVlcIdFO6SguHx7nQLuEc2Ezt135VtNd8t69ctbYrfI9MY9Jys7sUhWDdWpVc/8ptFTw/iQXkU9cfmq6Y6dbysBxjhq4gn80E8mXxVABwfJv0O8Y7A5dQsMbb6hEPikBjb0XiFX5bjRMv9QFF57k9oqOxPaFDQFcK64rXOI/vYw1JZrMdl/vIGJa982R9M4kpaC6nMD4E6TfvTH8raZAQiNQC8EuY1/dljdmwqzh2bYurds278vyMHp+HY5YuENg1iaTrtO0IrujjXg3h7xu+Uv8KSngBRP2afjE78Kq9qptS3NclDxcIltHApZ0LuYzi6h6bHj+JKzqHFTF1uVj/JrF5SH1DJ1Hr9BMgwHb2PQ2+jT/gq98PZBD3RhN18vXq7d2mLHAOfgoGAEJXxc13cNErKNJA7mM+BE4/7+/Eu9yjqsxxkghTDgaG4I6E3i5xVCwHqYpN+Pl9FP0ZWX0BWo779wXVGtyNV+RM9LneIixp0jI3UXYwIqZfG4v3w7tDa3wImvtMrtcQDKTYb5tUVs0ZpQbbssLQZkF8sSf1SaJW0xUkk4lTVR9Yy21AnIgKCko7Ma3xT1MHcNxuZWzb9gAq8AOMN6DmCVp4FYnsj+Y3FKaVn7kMmpsS1ny01kBzDl0MaDHyRoHL5foJ8ULNRHZnoMeZAAkkeSzwX/mzaANqW8k0AsirRIQkg3n+01HzafNXdUGCRFkdDYmDPKSrNlSUXR+q5Rbl0P8SEPK8IWQZHZIoVZu5/1AuK3B7YO7r+lH76F9QLi1x6GlCH2Kj5aqR6cVEtJp0YqD3CeX5ECIvgm0z5Xcp9dCs9Ty/r+3nsWTKsZQTNvRPTL9c0HONLZr46GxzesVBMYrXR26wG4pp4TXaC9iVg9zdYetZPska9kLzyzNmzglVB90sFz9ku3xgzMoUawkvZkkEpTy5GaSKskXp5DGZ0JkjPRtoH5l7H20e9mF+fdTCuysOKsxzNJ/KqqjA/aGZq5sb9NZbRIOXx65iJyWyX22n5Ia/QQmUihJQIUn0VJTOw0OgcoVNiS0OuRvMYCwJKERY3RAOyvnPzIsg6ThDNRUz8L0FcE/35lyCGRpcS9cpa2D8ndA+o+xGXQMuKmIKdsM6kJWLUTKtp2xHSoodJ446TnPJlWrID7/+hzlyeOHvWzNF/UZGYdn4ujozS/KmLMBlpYSbXEDZfTIIQ1UGTEKDNN5kD+WoIFiT7nSgFYoXsEbaYw3mPxp5JYEfCRptSL/2WRGq6OOMAzdYyFiuA3nFBhgT9PdbvsioMIvOBgE2z7yyr4uWp2GrWqCV1aIpMQ4rtQlXp7x73J9yqmBeLlLz7kveF/pALSi7M0PF4No1m2/IYsXh4SVdcyBT1Qkp9TTwT82P7KOmAsUvkDWfH2+nvDUcmmhULF7F6WVEXcjSBvLSoiwexCapJsGHbfqcENlwfhkLbEtfeZDSwEGjKi6m0YMcbSi95ZAOgWnCTvEW1LQ2MixnXYscAG1KgTSyVto7Af1F+qEbDBJBgq1cU2Z0FVb0qwTG7VOL7Ka23Me/muYq5O8lQoMKtuHxS2MhLxwxdULg5tW1j9Zqi9kU4phG2Kt7e5WZ5M5UxficjUC+n66nj7NVsEZEl/1r2iP8frBcAAO1ZCXBWRbbue2/yEyAJQQj7EhAQZF+N8t++AVFwkB0RR3QIECAISQz7FsOS/AjCoDCyKBJFFEcFBbcZSCYIAjqKechDENGAooALMIqiyPi+79ybv7HKem9evaqpV1MzU7/n5Lvdp0+ftbuxLFs5Kr5k9eqNVsJiq3zrYqv02sTBXQfP6tFh8G2dU4cPGHz9qOFjZ42+vedQVUPVVFayqq8aqiaWZeXZlrXCcipmxSgVE2MpZasYK7ZX9uipkzKypqiQFXefUqqyiifB/4QkqWJb1YOcxpbC/6mDaqJi7NiB6eMyUjr+d7NqkPWnVrOmK0y3ZXpTTr8la0pGblb6xJQBWRNnptyYnjUtfbIKqX9U2DILymBPFGhBn4TYW9NTxmROzsnOyhyVOTFzTPqYlJyM3EnpWdhaRsqYjJSsqRmTp+RmT06Zlp6bmT4GTE5u9pipo6dkT24jQzMxLiNrWmZ6LkjK2GxMTsnd9XgOZKXMxOCM0ZmT01PSU6Zkc/JE/EZDNiVC+ujsSRm5ozPTJ2bOSh+duWtbVjuVvAAap0C5llA9X7Xql501ZXJGbm76FDU4Y9zUiem5ykBtK6Brrf93G4mJKDW8QKmVsTFWvlJVFmzaU9+OqLjhzrgPm4VisM38SvOVKo9VoVbKWqDSBiwc+kk/jOjTyeHHK0a0Cg1Q1jyligv+eD7EEf2dhfh4xYgBoVnKKlBFEzBirF2oRt7kYOmUK0bMCi2zFH4Ipwpt+FVh+bwJD7ZFWNgYl2NwK5Q3p2Y7xK6NPwcY3A7N3XFLvLIc4g8Z3AnlHWh6p7Ji7IWqtLHBY0JzS6bUUFYs8JSeBo8Nze3zyjfKCgEvyjd4KJBTCfjI9w1eKZTXItRDWXF2gSqrYfC4UN7mBr/lugUqyTN45WDdysDTBhq8SiCf44tmG7xqML4K8LIHDB4f4ByvHjN4QoA7wDtsMXhiIN8CvvwDg1cL7OnAPS2VwZOC8Tbww8kGrx7YOQQ8tZHBrwrGVwV+qrPBa4Ty8ryuyooHntrb4DVDc0vXr1VWAvCyIQZPDt330rpq1LNQlU41eK1AzzjgRYsMXjuwM9dNe8zgdYJ1OX75iwavG4xPBN5hr8HrhebOKFnvy1n9nsHrB3Joh1OfGbxBYAfarc9ZgzeM2iGi5tgGbxSVE1HN4g3eOJATB3xoksFTAj2rAW9W3+BNQnljkob78j9tbvCmgfxY4A+0N/jVQTwnAh9xncGbBfuNB/6ha/DmgV8qAa/Zy+Atgjin/Ab9DX5NIJ/7+vI2g7cM9pWEfPRriI+3CuXFzUumf/HnIYNfG/g3HvmV383grQN9mL/l4w3eJohzC3jaEoO3DeQ4wEsPGbxd4JdKiP/SWgZvH91XgSrXBu8Q3VeBSrnb4B2DfYWAl2cZvFMgPx542lqDdw7057op2wzeJViXeZp21OBdAznVEFcDHYN3C/xeHXhZHYNfF8pb3COF/i1Uca0Nnhr4txLwnOsMfn2wbizw/L4GvyHY71XAU+40ePfQnKS2W2kHxH+6wcNROyD+JxjcDfRnHl28z+A6iE/WgT4rDO4F9mEdKF9v8LSgDsQAL9tp8B6B37nf8W8ZvGewX65bdsjgNwbrUv+UMwbvFejP8fl/M/hNwXjm4ynb4DcH+ZgEfHmCwXsH8RwDPFzL4H0CPS3gi+oZ/JYgPpl3F682+G8COzCPxlxr8L5RPSNqZTuD33qFnuFUg/cL9KSc+BsN3j+QU8Ou6Ng+PiA0V/xVCX02P2LwgUGcxCNP08YYfFCgZwJw9abBBwf+knycaPAhwX5t4KWvGnxooA/zPe2IwW8L5NdEXgx0DD4skMO8S2pl8NuDeGMfzBlq8OGB/ZlfRRkGvyMYzz6oHjT4bwP5zPfSVwx+Z6BnMvD8vQYfEfid4zucMfhdwXjqee5Hg98drMv4b1nD4L8L9ss4XN3Y4CMD/zLfT3UyeHqQ78yLF3oZfFSwX+Z1n34GHx3kNfvpqREGHxPdb6Hal23wjEB/jm85w+Bjrxgft8Tg44Lxko8rDD4+yEfWn7L1Bs8M4op9s3ybwScE9uH45W8a/J5gPPdVdMzgE4N9UZ+0rww+KdCnCvCiCwbPCuxD+al/N3h2VD76bGWD50TlR9S3SQa/N5BfHXizZIPnBn5hnsY0MvjkwI/M0+euMfiUIE/Zl+dc4d+pgd1YH35KNfi0IE7Yl7t4Bp9+hf7hWww+4wr94wcZfGagv+TFBOBjfXxWYP+qwNXDBp8d6M84L9ph8DmBnOrAR75j8LmBHdjvys8ZPC/Qk3U+P97g9wV1g/Gf087g+VawMBOmtIf5MM8KLMHM6NDffJiPGbI0U+Pi78yHBZghvmdMLx9vPizEDAlqBkvObPOhoGIGRcUtNB8KKz7UwoeiB8yHCES9/Xisv8bFR82HRfgga1Ddw1vMh/vxIapu0U7zYXHFGrXxIfUt82EJZogNeabt85H58AA+SDDVwYdT35gPSy2/e1e2LHM7jV5YlX3fqKRUp+Zsresk2eGVccOcYc2a1J0578KWtTEqtiik4nEvq4KXhcqqkopTKsFKvM9SqhqubGgWbReoUv5yFqqUaji0dcTlD3zpHhTKqiii3VAAe6OIT8bfCwvUC39AQDyFw84BBNhFFK/qhSqpXqEqbQ96Y6HaNAAF8N5CNWNhoaqzFsXkeZh+F/zyLsacQPP+IqLGq4hKqhJRaYmgdSOq7OqImtEWN8+uEbWvO262PSMq7taIOjyECiZAuYYLVP58dLC9ULI9TpAFoIegVBV0kfroGDeD/x1oBLerrfgdw0JWoVqUAGWawPwdC5VKLVQj06DkMNBMeHcqjLwKUVwE+hzGlGLsPvBHwZ+HMhY6dSyqQLWIykmOqCIo2geK1mmn5ik1GNfZM1DsDlwvu0CZfNDHYbl3YZkEpFgqlLgFLWUqrLcWVnsW6bUfR8ePUeZifaup5ijZ3aCMB35AoSpPx7cJUHwulCqAIg9CyY2w6PZC9dq7hWr4x6Cf4zh5LqI62LASLNiBFqwdUa+l4HjSGlbrBKumQtGeUPQ3sJ66ExHUB78lcG38QlU6AvRTuLBOgSrtCKvdBreOhdIPwHrroPhmYNhE0gUsFA8lakKJlrCMroEgwuOPlW9Z8xA4llpgqYWWKrBUoaUillpkqfsttREvAG9Z6q+W846l9mOErVbZVsiqVPGKVBWKD0forPSfkxZbypMXpUVW/vwE/1mpHv9uaDVSjVULC/JmnTh+vOLHTw7/g1cyS12jGqhEq+48/F1fNVdtVIGtVKgucuvQjNMuUGWT6dK5s2fXWJCmo0z2VQtc+8Ssml6UwVh/MKhSJ/GCdaDpUQ1W2WQyH/zKtdeuOaLvdatoYV7M3aQdMgtL39IfNduj67c/pp0unbfpbevO6vIBS4U648aOFWZv3+v0rNOfaeeajnE6retHuvaR/W7443e1jaFugv2FdjK6f+zmT/hJ77rQUn9WZnvOwX6jdPLmSl76yeVCnT81ekOYLb2P6zzvgnZe/eay/nTjUU068/RT2iYDnX2lQZWyHvpqjq76/obtDjdOpnhKDd1zZEbYoQoP31jVnV6yHnSJ62zpne4+e/6ASzpwaW0tQOr9PfTApavcH4aM1pBR6sJm2F8Cfku1c+eY7np00mq9ss5Cofaju8sN0+zoTG3/qVGBME7+hLAw7bY2hAnu1g7U03f9vicV1WvX1PUBXeV9t+r7V2tq5SRv7q3TTw50KZ7U+azsCWF+PviaP+LaEe/qRbWOuHTFzreaaHvnW8c1TekMWvq+PjQj0331m2L97eWDYafDsSfFABUWUZb6Do5ut3Wd/OksW5UlzJkWHenwsMN4aB6aB3U2uJM+v+RyB3BRWOPnnnu6ULbkblu3hdPc2GH7tUy5PfErTRl0hgilz7gKqdM8tFOYys99qL+e87N2fj54UULkqUdi4Ooy7QxLTPCavLBVk8oqZJ64qZvucCzGu/zMedepPvwHaDjJZczJ1lLv30kdtnMVUmUt7lEkQ5yHvtohTPGU9/SpS8+4zqW8M2KgvX2/14Nfa6Sd9/rZXu0j/TWprEdm3NinELTfYxPFWqZUmvefmjIO9juhRSh15iqkDh1EBqcPf8Tsmu2CKTV8GVScQkllFTJcliNED06hYpQhmlIoVecqpMpiXiBIlE1G3E2r2a0j2v5NvO09mVPsM69+43r2HdfXNAwm+bNAldppKQuJK9lukxk3NuTZVCDK4Iv/CRRpxMRfWaeZ5zww8XOEYzPvhpf2uY+dvcZzqOqmPa09UrjdB9pEusmI5xvc4E+hIpRB6jy6O0WYN1I66G53Y8TXczz98r5uHunk8ZBBhkI5QlbhZrksZZCq4hhlLX99qrgbdaezMHCB++3loWEY914kqoM/DoYxyrVpPwS163w56DXE8A631YhqktcOM5B50uf4LKEOBAlzz46XKNR1/vr4Gwwzl3R11lVaAGo26fPtmmXFYbgWfjFIXxyyQT/f4Lfaeff7FZoVA+lDWdr5ruUIBEi2Zhx/sH+6diaPrw4b56MUnXSTN0e089jZp1ERf88pLuMYmqa6jQue1aR3/f51H5i64jArj3vq0mntvDmtxL1zzCUdOywRhQQl881pWpIr9f55Qp1PNz4izPLXX4bZYjyHNffR3cpjedpw03faZsqhgGjnwx9KqIz+Me+PmgHv1I15GLs8pymM1IGrhGFt/GHIJ9ppXPCFi3qlSef/YZcP3HH9S5pVnqpj/foo5k/Qy6h72BSts6jWGv3hD3maCzirsx7Sfzz/EJL7SexjmXY+2P8q2sxi7bTei03N1w5XeHnfNCRbueQXAuy0mJ0UzcsHGKqsKSi3ruyS7n953yvwHOIhretj9OV2xIJQqXxMF/7h/GX9WmFYGeHosPPUI70k4z4rawqvnXUdJJWe63XVpJK9ZOh1jqAJnfl/uJFDEROz/br2fIO1YnquQoq4+kSY5iELeXlZO/1HJXkslotq1fX+duAdzSD3iuptYSH3KxEZthiOkArMKQwQykA4h0UoVecqpH5en3v65hJJXknnBLu1n9dkGLM2G8xHzQq1ZPr0ksY+E51FRll9jv9ZjCCdhMycml/D5s+4UiBZqXZdiPOkdG1bV01KKKkoTmboJxvRzOPEADIFptWUIQWSQmkvrkIqLiLDaiYj0H3pDaqlRcbtiW01hZLKKmS4LEeIHpxCxShDNKVQqs5VSNXz8DvrKW3lNH0hV5g7ru+Cr7Am/oOyscDFKqhYl/2O92SO+8uORxdxhPiMU3ot+VJTBqawrt8rbuYqpE7LjvuE4flHRiAyPU7ZtKeq7/d7dtQUv5PKKmS4LEdgiitTqBhlYMUwTgZ7RXWuQurvilt0aCsyZd//3zseZYgzKJTeeXT3P7XjFdrKYsTSfg7TmwzPfpt7W55jt67ksYjNrpko5wlnrpcMM+1CqiZ737V8VNtk0L6UTQOC+szUFat9L3Ds4Q3nNKsqatVRvWzV15j8slCHw8jA8MhzbJFFnHHL8sAjh2ygU9xzUKAdq7KfRljFdE5hoskXZbiwzcST2lF9+PWSGAydN6f9XTvfXl4pO63Y+i/LFSsLGZYaJEhYag/NxWJEI0t1YqchFdOT+UW54hboPpY8KVesgVyKq5BKZSHDUoMY/GW5ksMeqxNPf6SyChkkiIz435Qr2Mk3FA8FYsMow4FSrpjSYjos4jOY5M8CxQmlIsWlspChRSWqGN0MMxYjiTtWJwYiqShOhqHKERK7nMJgpgyJbgqlvbgKqVQWMtRLRrD2cAqLkchgdaJQUlmFDJflCNGDU6gYZYimFErVuQqpav8/Gghf/E+gSh1BnLCT0rZORbNjJIj18Z9/oLwtW7UZRn7cLR+A0sSzW6e4L3VRvfZ6Y85ltvh7JCz+o+kjQqMHet7qIFQ78Dz2/BX2HvLLW+0jiVLeSGUVMkz1ZasSGR68JSR6jERStnr7nbffRvMOmNaRh7XNw78wPPBs2rNE4+51CQ7bhElfI4T/onFhPKHbRA5pzPHPJ3v7vioHFupKijNOnjDPnh/sj5h5uoVM4QlKZPAEw7st6cLSxdomgzOF/+Wdt2/ViGkcZRpqp1NcG/Eeq4J4j3uj12BeoTiOlQjDe8PaNWtcZ9eFU7D1DvfLQRclN23aCMNdp8/xH9mIcRn9WOMyGpbLLp1X4U31wq+e2ZkIUYZnMEmW/qPK/ONaUb2ziNJsHLf+7h+16Kmrj/5JqE2GzpUzFxkeE0mdm1/ZptmifnrmRaEotRFheHFdnXXAL328hZLeet39v1L61C4E45bePTyuheI/SJh2W+/ypHifupQpxfvwhhy/eA9aOl0KMqkUbzIQo2xc1w3DquyQ4Vh0DgCHtXOmxSCPgTDkNS3UST/ZQZhzT7fwpHhXfq6BxyzWVWrjfLxTOz89U91j8SaV4k0Gqyib1gL1GVmPDNdjX5T16sYcksA70+JFoQAeFoanZVmPJ12ux+Is69FAXI9U1iODVYzFhIl6M8qsrLP7imaBW4CUJd6spVnw9EzL4mYj1GEMkWGC8IfQreo9dvZzREI1D08Y2n4xN87jo42DuJdzSf32DT2GoLP9ljbipgq/qYMIO95PGIPSaMj8ZX09jQuU6yCJ8PSwBq8jn8iTiU2G9zOb0RdleA2QeMRNw+VFSWL+Ut4E3DgycHtcIhTdYYMwjD5mFB6rSmF2x0UpexmtbmiY9RQVrLuDq5toUqGaspg1dIBNRmzHmhNlop/IyLkCNU6mwrl5wjyzpy9pGI2/jty6Ptj/PW9errz78KZByqJNxXxH8bUqyshNjwxPOKwxfGLCK9VcdOV73Z4jNwqV1woyjCExBN+/0Mjd5a9f0K0jtfjOpDzeS0l5ScR6Cg0KyzR54SrDIGSUzWQC9RkubPOiJ8cAOh9NAMepcnj4WFgurtjh9oqtqyHKYnnAdJ6MFtwgoulQYXiLhetcvCnM95kzLc772/0xr4qvR/326/zpFXLUedj2vX5PyAI4yU4RhpcntJ9/tAfRYxwh/YNTWHsoA1N4PJ4iAc5VSHGa2S0MN8qzhvSge3Z8Cxmx3vMNPtA2T3k8M+MF7YT+ruWHqPj79W2fnNQOiyAbOW1CispbIAzrOluKJC47O40rnZ3GZSSSispk/nagn4yQzs4pv+gNFMpWwFVIZVky1AM3Y1cUwz5caspXDpu6syDIZnBeEzeigPB6uluMyv2Tqn1IUiZOpXnJJdIyUS1cuOYYTb0d2mwWBlUH1/MuYad++7vkaYQUPc0VACmFnr/UfeKmV1yZghE4mh8Vig3ESoxyi7jiU9+m2O8KOXSKDDLoidhiE7Swqq4882BKmN0Sy4dxxqyHjezuDjUBODtsfPV1rlBefY+dsIYgjpQUk719a3tSZm69rpWHGMTiXTwE8k2wr4fnoMVC8RS9Rhi8oiDU8caEXaDvd/csVYrXg26ezaJCGejbz6GVtcH72eOsxZ7UkvDH7T3WIVK8YmYKg5dW5DSmoBhA4as9UiSoZ5NBA/erW5fO32hhoLOvNChOpBXVRsqOJAvDOspEP5FRK/CeBWP7Msgw6pGK/35zR6lF9GB//xJv7tgfmnJ9z+bbFAPUxhHbZ07MWul/qhijFqGU0jroTCU8ggmDzHHxPlqCG+yCP+PlswQJvwOpVYIK7oRveGlfMY5HJ8MIgWKqjTAtQdSsQW4nlEApoWz8sGZCCR5XWcaK5RkUcVXMYwvSudimygiwsM1HOCTerxV/PtjhAF9MVbDx08Vs6XB2CV7gBuhqbTuV8JkUr5IlvApqal+xHWX9fHAGu9MOqP1rjQczXbtijJquLNYWeEvZZBBZro29ap5abJ53mUV4Du+F+0vAiKiKm4gwjGD5Zy4eXjBmt8s+LM0hymAFfwlQpY7iDMvXCDrv3+9FoLIeGTZAjmCsyxS2SMqQnkmhiMB/9nuRxcMWUwcl4A0/q3ioEoZ5LJ8qxqgVaDZMZBqEbUEYliU4J+wsqnUH/4UpTIqMcAVgWeIItBdXpjCjKIOUZtdk+K8EMoI9kVNIRQYZCuUIWYVTuCxlkCr1Xw==(/figma)-->"></span><span style="white-space-collapse: preserve;">La disponibilidad permanente de nuestros variados productos, permite enviar en forma rápida y precisa a todos los centros de comercialización.</span>', '<svg xmlns="http://www.w3.org/2000/svg" height="32" width="32" viewBox="0 0 512 512"><!--!Font Awesome Free 6.5.2 by @fontawesome - https://fontawesome.com License - https://fontawesome.com/license/free Copyright 2024 Fonticons, Inc.--><path fill="#33447f" d="M256 48a208 208 0 1 1 0 416 208 208 0 1 1 0-416zm0 464A256 256 0 1 0 256 0a256 256 0 1 0 0 512zM369 209c9.4-9.4 9.4-24.6 0-33.9s-24.6-9.4-33.9 0l-111 111-47-47c-9.4-9.4-24.6-9.4-33.9 0s-9.4 24.6 0 33.9l64 64c9.4 9.4 24.6 9.4 33.9 0L369 209z"/></svg>', '2024-04-26 20:42:22', NULL);

-- Volcando estructura para tabla kotex.sessions
CREATE TABLE IF NOT EXISTS `sessions` (
  `id` varchar(255) NOT NULL,
  `user_id` bigint(20) unsigned DEFAULT NULL,
  `ip_address` varchar(45) DEFAULT NULL,
  `user_agent` text DEFAULT NULL,
  `payload` longtext NOT NULL,
  `last_activity` int(11) NOT NULL,
  PRIMARY KEY (`id`),
  KEY `sessions_user_id_index` (`user_id`),
  KEY `sessions_last_activity_index` (`last_activity`)
) ENGINE=InnoDB DEFAULT CHARSET=utf8mb4 COLLATE=utf8mb4_unicode_ci;

-- Volcando datos para la tabla kotex.sessions: ~2 rows (aproximadamente)
INSERT INTO `sessions` (`id`, `user_id`, `ip_address`, `user_agent`, `payload`, `last_activity`) VALUES
	('boDDZrd5WN1VJgOVmXbsUDlBss6xAfTzjgmWfM2J', NULL, '127.0.0.1', 'Mozilla/5.0 (Windows NT 10.0; Win64; x64) AppleWebKit/537.36 (KHTML, like Gecko) Chrome/122.0.0.0 Safari/537.36', 'YTozOntzOjY6Il90b2tlbiI7czo0MDoiQ3ZuOG5QVEJlVkVvQU50MXF6TEtza3B6SEhPSzlmWTVQVmdZWVRSWCI7czo5OiJfcHJldmlvdXMiO2E6MTp7czozOiJ1cmwiO3M6Nzk6Imh0dHA6Ly8xMjcuMC4wLjE6ODAwMC9hcGkvZ2V0SW1hZ2UvM2pWaEI2TEt6ZHl6czZxZTdycmlIczJjd0NDZGFJUzhJcGJadTg1Wi5wbmciO31zOjY6Il9mbGFzaCI7YToyOntzOjM6Im9sZCI7YTowOnt9czozOiJuZXciO2E6MDp7fX19', 1714195292),
	('hhizLCL4aqndROzaXChdZZ8mga3svHfhLpHFE6q2', NULL, '127.0.0.1', 'Mozilla/5.0 (Windows NT 10.0; Win64; x64) AppleWebKit/537.36 (KHTML, like Gecko) Chrome/122.0.0.0 Safari/537.36', 'YTozOntzOjY6Il90b2tlbiI7czo0MDoiZnlWN0h3VW53NVBvYzUwbVI4V3l4QkNtMHpTMjNwUlJNa0lMSXlMUCI7czo5OiJfcHJldmlvdXMiO2E6MTp7czozOiJ1cmwiO3M6Nzk6Imh0dHA6Ly8xMjcuMC4wLjE6ODAwMC9hcGkvZ2V0SW1hZ2UvM2pWaEI2TEt6ZHl6czZxZTdycmlIczJjd0NDZGFJUzhJcGJadTg1Wi5wbmciO31zOjY6Il9mbGFzaCI7YToyOntzOjM6Im9sZCI7YTowOnt9czozOiJuZXciO2E6MDp7fX19', 1714238298);

-- Volcando estructura para tabla kotex.slidershome
CREATE TABLE IF NOT EXISTS `slidershome` (
  `id` int(11) NOT NULL DEFAULT 1,
  `orden` varchar(50) NOT NULL,
  `texto` longtext CHARACTER SET utf16 COLLATE utf16_bin DEFAULT NULL,
  `imagen` varchar(400) DEFAULT NULL,
  `seccion` varchar(50) DEFAULT NULL,
  `updated_at` varchar(50) DEFAULT NULL,
  `created_at` varchar(50) DEFAULT NULL,
  PRIMARY KEY (`id`)
) ENGINE=InnoDB DEFAULT CHARSET=utf8mb4 COLLATE=utf8mb4_general_ci;

-- Volcando datos para la tabla kotex.slidershome: ~6 rows (aproximadamente)
INSERT INTO `slidershome` (`id`, `orden`, `texto`, `imagen`, `seccion`, `updated_at`, `created_at`) VALUES
	(1, 'aa', '<h1><font color="#ffffff"><span style="font-family: Poppins;">Fabricamos cintas<br> </span></font><font color="#ffffff"><span style="font-family: Poppins;">elásticas para la industria en general</span></font></h1><h1><font color="#ffffff"><span style="font-family: Arial;"></span></font></h1><h1><font color="#ffffff"><span style="font-family: Arial;"></span></font></h1>', 'fotos/O3f5SlqgHcbwbu1QgBKFtafKc4gB5XdyRwZAGeAk.png', 'home', '2024-04-26 19:04:12', NULL),
	(2, 'ad', '<h1><font color="#ffffff">Fabricamos cintas </font></h1><h1><span style="color: rgb(255, 255, 255); font-size: 2.5rem;">elásticas para la industria en general</span><br></h1><h1><font color="#ffffff"></font></h1><h1><font color="#ffffff"><span style="font-family: Arial;"></span></font></h1><h1><font color="#ffffff"><span style="font-family: Arial;"></span></font></h1>', 'fotos/fcHOXuUO48zpGUnLFHE4KeredQneR2hIPLPGDmj6.png', 'home', '2024-04-26 17:41:09', NULL),
	(3, 'ac', '<h1><font color="#ffffff">Fabricamos cintas </font></h1><h1><span style="color: rgb(255, 255, 255); font-size: 2.5rem;">elásticas para la industria en general</span><br></h1><h1><font color="#ffffff"></font></h1><h1><font color="#ffffff"><span style="font-family: Arial;"></span></font></h1><h1><font color="#ffffff"><span style="font-family: Arial;"></span></font></h1>', 'fotos/3jVhB6LKzdyzs6qe7rriHs2cwCCdaIS8IpbZu85Z.png', 'home', '2024-04-27 05:20:58', NULL),
	(4, 'aa', '<h1><span style="font-family: Poppins;">﻿</span><font color="#ffffff"><span style="font-family: Poppins;">Nuestra empresa</span></font></h1><h1><font style="background-color: rgb(255, 255, 0);" color="#ffffff"></font></h1>', 'fotos/OawKzEMiszluohFR1feUpHVs9bEDYCH8tTTPcUhN.png', 'nosotros', '2024-04-26 19:13:36', NULL),
	(5, 'ab', '<h1><span style="font-family: Poppins;">﻿</span><font color="#ffffff"><span style="font-family: Poppins;">Nuestra empresa</span></font></h1><h1><font style="background-color: rgb(255, 255, 0);" color="#ffffff"></font></h1>', 'fotos/OawKzEMiszluohFR1feUpHVs9bEDYCH8tTTPcUhN.png', 'nosotros', NULL, NULL),
	(6, 'ac', '<h1><span style="font-family: Poppins;">﻿</span><font color="#ffffff"><span style="font-family: Poppins;">Nuestra empresa</span></font></h1><h1><font style="background-color: rgb(255, 255, 0);" color="#ffffff"></font></h1>', 'fotos/OawKzEMiszluohFR1feUpHVs9bEDYCH8tTTPcUhN.png', 'nosotros', NULL, NULL);

-- Volcando estructura para tabla kotex.suscripciones
CREATE TABLE IF NOT EXISTS `suscripciones` (
  `id` int(11) DEFAULT NULL,
  `email` varchar(50) DEFAULT NULL,
  `updated_at` varchar(50) DEFAULT NULL,
  `created_at` varchar(50) DEFAULT NULL
) ENGINE=InnoDB DEFAULT CHARSET=utf8mb4 COLLATE=utf8mb4_general_ci;

-- Volcando datos para la tabla kotex.suscripciones: ~2 rows (aproximadamente)
INSERT INTO `suscripciones` (`id`, `email`, `updated_at`, `created_at`) VALUES
	(NULL, 'nico@outllook.com', '2024-04-24 03:11:53', '2024-04-24 03:11:53'),
	(NULL, 'gtyt@outlook.com', '2024-04-24 03:36:16', '2024-04-24 03:36:16');

-- Volcando estructura para tabla kotex.unidadesventa
CREATE TABLE IF NOT EXISTS `unidadesventa` (
  `id` bigint(20) unsigned NOT NULL AUTO_INCREMENT,
  `unidad` varchar(255) NOT NULL,
  `created_at` timestamp NULL DEFAULT NULL,
  `updated_at` timestamp NULL DEFAULT NULL,
  PRIMARY KEY (`id`)
) ENGINE=InnoDB AUTO_INCREMENT=4 DEFAULT CHARSET=utf8mb4 COLLATE=utf8mb4_unicode_ci;

-- Volcando datos para la tabla kotex.unidadesventa: ~3 rows (aproximadamente)
INSERT INTO `unidadesventa` (`id`, `unidad`, `created_at`, `updated_at`) VALUES
	(1, 'Rollo', NULL, NULL),
	(2, 'Metro', NULL, NULL),
	(3, 'Carretel', NULL, NULL);

-- Volcando estructura para tabla kotex.usuarios
CREATE TABLE IF NOT EXISTS `usuarios` (
  `id` bigint(20) unsigned NOT NULL AUTO_INCREMENT,
  `usuario` varchar(255) NOT NULL,
  `email` varchar(255) NOT NULL,
  `email_verified_at` timestamp NULL DEFAULT NULL,
  `password` varchar(255) NOT NULL,
  `remember_token` varchar(100) DEFAULT NULL,
  `created_at` timestamp NULL DEFAULT NULL,
  `updated_at` timestamp NULL DEFAULT NULL,
  PRIMARY KEY (`id`),
  UNIQUE KEY `users_email_unique` (`email`)
) ENGINE=InnoDB AUTO_INCREMENT=5 DEFAULT CHARSET=utf8mb4 COLLATE=utf8mb4_unicode_ci;

-- Volcando datos para la tabla kotex.usuarios: ~0 rows (aproximadamente)
INSERT INTO `usuarios` (`id`, `usuario`, `email`, `email_verified_at`, `password`, `remember_token`, `created_at`, `updated_at`) VALUES
	(4, 'pablo', 'pablo@hotmail.com', NULL, '$2y$12$2y9fAfPjND/OBHiV8DXxVe.ML3cdIUWJIYblHyvhsZUzNeCEPDo2K', NULL, '2024-04-24 21:42:05', '2024-04-24 21:42:05');

-- Volcando estructura para tabla kotex.variaciones
CREATE TABLE IF NOT EXISTS `variaciones` (
  `id` bigint(20) unsigned NOT NULL AUTO_INCREMENT,
  `producto_id` bigint(20) unsigned NOT NULL,
  `color` varchar(255) NOT NULL,
  `medida` varchar(255) NOT NULL,
  `imagen` varchar(255) NOT NULL,
  `image2` varchar(255) NOT NULL,
  `imagen3` varchar(255) NOT NULL,
  `created_at` timestamp NULL DEFAULT NULL,
  `updated_at` timestamp NULL DEFAULT NULL,
  PRIMARY KEY (`id`),
  KEY `variaciones_producto_id_foreign` (`producto_id`),
  CONSTRAINT `variaciones_producto_id_foreign` FOREIGN KEY (`producto_id`) REFERENCES `productos` (`id`)
) ENGINE=InnoDB AUTO_INCREMENT=37 DEFAULT CHARSET=utf8mb4 COLLATE=utf8mb4_unicode_ci;

-- Volcando datos para la tabla kotex.variaciones: ~31 rows (aproximadamente)
INSERT INTO `variaciones` (`id`, `producto_id`, `color`, `medida`, `imagen`, `image2`, `imagen3`, `created_at`, `updated_at`) VALUES
	(4, 1, 'Blanco', '4 mm', '', '', '', NULL, NULL),
	(6, 1, 'Blanco', '6 mm', '', '', '', NULL, NULL),
	(7, 1, 'Blanco', '5 mm', '', '', '', NULL, NULL),
	(8, 1, 'Blanco', '7 mm', '', '', '', NULL, NULL),
	(9, 1, 'Blanco', '9 mm', '', '', '', NULL, NULL),
	(10, 1, 'Blanco', '10 mm', '', '', '', NULL, NULL),
	(11, 1, 'Blanco', '12 mm', '', '', '', NULL, NULL),
	(12, 1, 'Blanco', '15 mm', '', '', '', NULL, NULL),
	(13, 1, 'Blanco', '20 mm', '', '', '', NULL, NULL),
	(14, 1, 'Blanco', '25 mm', '', '', '', NULL, NULL),
	(15, 1, 'Blanco', '30 mm', '', '', '', NULL, NULL),
	(16, 1, 'Blanco', '35 mm', '', '', '', NULL, NULL),
	(17, 1, 'Blanco', '40 mm', '', '', '', NULL, NULL),
	(18, 1, 'Blanco', '50 mm', '', '', '', NULL, NULL),
	(19, 1, 'Blanco', '60 mm', '', '', '', NULL, NULL),
	(20, 1, 'Blanco', '70 mm', '', '', '', NULL, NULL),
	(21, 1, 'Blanco', '80 mm', '', '', '', NULL, NULL),
	(22, 3, 'Negro', '4 mm', '', '', '', NULL, NULL),
	(23, 3, 'Negro', '5 mm', '', '', '', NULL, NULL),
	(24, 3, 'Negro', '6 mm', '', '', '', NULL, NULL),
	(25, 4, 'Crudo', '6 mm', '', '', '', NULL, NULL),
	(26, 4, 'Negro', '6 mm', '', '', '', NULL, NULL),
	(27, 4, 'Colores', '6 mm', '', '', '', NULL, NULL),
	(28, 5, 'Negro con goma negra', '25 mm', '', '', '', NULL, NULL),
	(29, 5, 'Negro con goma blanca', '25 mm', '', '', '', NULL, NULL),
	(31, 5, 'Blanco con goma blanca', '25 mm', '', '', '', NULL, NULL),
	(32, 5, 'Negro con goma negra', '30 mm', '', '', '', NULL, NULL),
	(33, 6, 'Blanco', '30 mm', '', '', '', NULL, NULL),
	(34, 7, 'Crudo (blanco sublimable)', '22 mm', '', '', '', NULL, NULL),
	(35, 8, 'Varios', '', '', '', '', NULL, NULL),
	(36, 9, 'Negro', '100 mm', '', '', '', NULL, NULL);

-- Volcando estructura para tabla kotex.variacion_aplicacion
CREATE TABLE IF NOT EXISTS `variacion_aplicacion` (
  `id` bigint(20) unsigned NOT NULL AUTO_INCREMENT,
  `variacion_id` bigint(20) unsigned NOT NULL,
  `aplicacion_id` bigint(20) unsigned NOT NULL,
  `created_at` timestamp NULL DEFAULT NULL,
  `updated_at` timestamp NULL DEFAULT NULL,
  PRIMARY KEY (`id`),
  KEY `variacion_aplicacion_variacion_id_foreign` (`variacion_id`),
  KEY `variacion_aplicacion_aplicacion_id_foreign` (`aplicacion_id`),
  CONSTRAINT `variacion_aplicacion_aplicacion_id_foreign` FOREIGN KEY (`aplicacion_id`) REFERENCES `aplicaciones` (`id`),
  CONSTRAINT `variacion_aplicacion_variacion_id_foreign` FOREIGN KEY (`variacion_id`) REFERENCES `variaciones` (`id`)
) ENGINE=InnoDB AUTO_INCREMENT=104 DEFAULT CHARSET=utf8mb4 COLLATE=utf8mb4_unicode_ci;

-- Volcando datos para la tabla kotex.variacion_aplicacion: ~93 rows (aproximadamente)
INSERT INTO `variacion_aplicacion` (`id`, `variacion_id`, `aplicacion_id`, `created_at`, `updated_at`) VALUES
	(4, 4, 3, NULL, NULL),
	(5, 4, 4, NULL, NULL),
	(6, 4, 5, NULL, NULL),
	(7, 6, 3, NULL, NULL),
	(8, 6, 4, NULL, NULL),
	(9, 6, 5, NULL, NULL),
	(10, 7, 3, NULL, NULL),
	(11, 7, 6, NULL, NULL),
	(12, 7, 7, NULL, NULL),
	(13, 8, 3, NULL, NULL),
	(14, 8, 8, NULL, NULL),
	(15, 8, 4, NULL, NULL),
	(17, 8, 7, NULL, NULL),
	(18, 8, 10, NULL, NULL),
	(19, 9, 3, NULL, NULL),
	(20, 9, 7, NULL, NULL),
	(21, 9, 10, NULL, NULL),
	(22, 10, 3, NULL, NULL),
	(23, 10, 11, NULL, NULL),
	(24, 10, 7, NULL, NULL),
	(25, 10, 5, NULL, NULL),
	(26, 11, 3, NULL, NULL),
	(27, 11, 8, NULL, NULL),
	(28, 11, 5, NULL, NULL),
	(29, 12, 3, NULL, NULL),
	(30, 12, 8, NULL, NULL),
	(31, 12, 12, NULL, NULL),
	(32, 13, 3, NULL, NULL),
	(33, 13, 8, NULL, NULL),
	(34, 13, 6, NULL, NULL),
	(35, 14, 3, NULL, NULL),
	(36, 14, 12, NULL, NULL),
	(37, 14, 10, NULL, NULL),
	(38, 15, 12, NULL, NULL),
	(39, 15, 8, NULL, NULL),
	(40, 15, 3, NULL, NULL),
	(41, 15, 6, NULL, NULL),
	(42, 15, 13, NULL, NULL),
	(43, 16, 3, NULL, NULL),
	(44, 16, 12, NULL, NULL),
	(45, 16, 14, NULL, NULL),
	(46, 17, 3, NULL, NULL),
	(47, 17, 12, NULL, NULL),
	(48, 17, 13, NULL, NULL),
	(49, 17, 6, NULL, NULL),
	(50, 18, 3, NULL, NULL),
	(51, 18, 12, NULL, NULL),
	(52, 19, 3, NULL, NULL),
	(53, 19, 12, NULL, NULL),
	(54, 19, 4, NULL, NULL),
	(55, 20, 3, NULL, NULL),
	(56, 20, 12, NULL, NULL),
	(57, 21, 3, NULL, NULL),
	(58, 21, 12, NULL, NULL),
	(59, 22, 3, NULL, NULL),
	(60, 22, 5, NULL, NULL),
	(61, 23, 3, NULL, NULL),
	(62, 23, 5, NULL, NULL),
	(63, 23, 15, NULL, NULL),
	(64, 23, 7, NULL, NULL),
	(65, 24, 3, NULL, NULL),
	(66, 24, 8, NULL, NULL),
	(67, 24, 15, NULL, NULL),
	(68, 24, 7, NULL, NULL),
	(69, 25, 3, NULL, NULL),
	(70, 25, 13, NULL, NULL),
	(71, 25, 6, NULL, NULL),
	(72, 26, 3, NULL, NULL),
	(73, 26, 13, NULL, NULL),
	(74, 26, 6, NULL, NULL),
	(75, 27, 3, NULL, NULL),
	(76, 27, 6, NULL, NULL),
	(77, 27, 13, NULL, NULL),
	(79, 28, 12, NULL, NULL),
	(80, 28, 13, NULL, NULL),
	(81, 28, 16, NULL, NULL),
	(82, 29, 12, NULL, NULL),
	(83, 29, 13, NULL, NULL),
	(86, 29, 16, NULL, NULL),
	(87, 31, 12, NULL, NULL),
	(89, 31, 13, NULL, NULL),
	(90, 31, 16, NULL, NULL),
	(92, 32, 12, NULL, NULL),
	(93, 32, 13, NULL, NULL),
	(95, 32, 16, NULL, NULL),
	(96, 33, 3, NULL, NULL),
	(97, 33, 12, NULL, NULL),
	(98, 33, 6, NULL, NULL),
	(99, 34, 13, NULL, NULL),
	(100, 34, 3, NULL, NULL),
	(101, 35, 3, NULL, NULL),
	(102, 36, 20, NULL, NULL),
	(103, 36, 20, NULL, NULL);

-- Volcando estructura para tabla kotex.variacion_categoria
CREATE TABLE IF NOT EXISTS `variacion_categoria` (
  `id` bigint(20) unsigned NOT NULL AUTO_INCREMENT,
  `variacion_id` bigint(20) unsigned NOT NULL,
  `categoria_id` bigint(20) unsigned NOT NULL,
  `created_at` timestamp NULL DEFAULT NULL,
  `updated_at` timestamp NULL DEFAULT NULL,
  PRIMARY KEY (`id`),
  KEY `variacion_categoria_variacion_id_foreign` (`variacion_id`),
  KEY `variacion_categoria_categoria_id_foreign` (`categoria_id`),
  CONSTRAINT `variacion_categoria_categoria_id_foreign` FOREIGN KEY (`categoria_id`) REFERENCES `categorias` (`id`),
  CONSTRAINT `variacion_categoria_variacion_id_foreign` FOREIGN KEY (`variacion_id`) REFERENCES `variaciones` (`id`)
) ENGINE=InnoDB AUTO_INCREMENT=44 DEFAULT CHARSET=utf8mb4 COLLATE=utf8mb4_unicode_ci;

-- Volcando datos para la tabla kotex.variacion_categoria: ~38 rows (aproximadamente)
INSERT INTO `variacion_categoria` (`id`, `variacion_id`, `categoria_id`, `created_at`, `updated_at`) VALUES
	(1, 4, 1, NULL, NULL),
	(2, 6, 1, NULL, NULL),
	(3, 7, 1, NULL, NULL),
	(4, 8, 1, NULL, NULL),
	(5, 9, 1, NULL, NULL),
	(6, 10, 1, NULL, NULL),
	(7, 11, 1, NULL, NULL),
	(8, 12, 1, NULL, NULL),
	(9, 13, 1, NULL, NULL),
	(10, 14, 1, NULL, NULL),
	(11, 15, 1, NULL, NULL),
	(12, 16, 1, NULL, NULL),
	(13, 17, 1, NULL, NULL),
	(14, 18, 1, NULL, NULL),
	(15, 19, 1, NULL, NULL),
	(16, 20, 1, NULL, NULL),
	(17, 21, 1, NULL, NULL),
	(18, 22, 1, NULL, NULL),
	(19, 23, 1, NULL, NULL),
	(20, 24, 1, NULL, NULL),
	(21, 25, 2, NULL, NULL),
	(22, 26, 2, NULL, NULL),
	(23, 27, 2, NULL, NULL),
	(25, 27, 2, NULL, NULL),
	(26, 26, 3, NULL, NULL),
	(27, 25, 3, NULL, NULL),
	(28, 24, 3, NULL, NULL),
	(29, 27, 3, NULL, NULL),
	(30, 28, 1, NULL, NULL),
	(32, 29, 1, NULL, NULL),
	(35, 31, 1, NULL, NULL),
	(36, 32, 1, NULL, NULL),
	(37, 32, 3, NULL, NULL),
	(38, 33, 1, NULL, NULL),
	(39, 33, 3, NULL, NULL),
	(40, 34, 2, NULL, NULL),
	(42, 35, 2, NULL, NULL),
	(43, 36, 2, NULL, NULL);

-- Volcando estructura para tabla kotex.variacion_unidad_venta
CREATE TABLE IF NOT EXISTS `variacion_unidad_venta` (
  `id` bigint(20) unsigned NOT NULL AUTO_INCREMENT,
  `variacion_id` bigint(20) unsigned NOT NULL,
  `unidad_id` bigint(20) unsigned NOT NULL,
  `created_at` timestamp NULL DEFAULT NULL,
  `updated_at` timestamp NULL DEFAULT NULL,
  PRIMARY KEY (`id`),
  KEY `variacion_unidad_venta_variacion_id_foreign` (`variacion_id`),
  KEY `variacion_unidad_venta_unidad_id_foreign` (`unidad_id`),
  CONSTRAINT `variacion_unidad_venta_unidad_id_foreign` FOREIGN KEY (`unidad_id`) REFERENCES `unidadesventa` (`id`),
  CONSTRAINT `variacion_unidad_venta_variacion_id_foreign` FOREIGN KEY (`variacion_id`) REFERENCES `variaciones` (`id`)
) ENGINE=InnoDB AUTO_INCREMENT=64 DEFAULT CHARSET=utf8mb4 COLLATE=utf8mb4_unicode_ci;

-- Volcando datos para la tabla kotex.variacion_unidad_venta: ~62 rows (aproximadamente)
INSERT INTO `variacion_unidad_venta` (`id`, `variacion_id`, `unidad_id`, `created_at`, `updated_at`) VALUES
	(1, 4, 1, NULL, NULL),
	(2, 4, 2, NULL, NULL),
	(3, 6, 1, NULL, NULL),
	(4, 6, 2, NULL, NULL),
	(5, 7, 1, NULL, NULL),
	(6, 7, 2, NULL, NULL),
	(7, 8, 2, NULL, NULL),
	(8, 8, 1, NULL, NULL),
	(9, 9, 2, NULL, NULL),
	(10, 9, 1, NULL, NULL),
	(11, 10, 2, NULL, NULL),
	(12, 10, 1, NULL, NULL),
	(13, 11, 2, NULL, NULL),
	(14, 11, 1, NULL, NULL),
	(15, 12, 2, NULL, NULL),
	(16, 12, 1, NULL, NULL),
	(17, 13, 2, NULL, NULL),
	(18, 13, 1, NULL, NULL),
	(19, 14, 2, NULL, NULL),
	(20, 14, 1, NULL, NULL),
	(21, 15, 2, NULL, NULL),
	(22, 15, 1, NULL, NULL),
	(23, 16, 2, NULL, NULL),
	(24, 16, 1, NULL, NULL),
	(25, 17, 2, NULL, NULL),
	(26, 17, 1, NULL, NULL),
	(27, 18, 2, NULL, NULL),
	(28, 18, 1, NULL, NULL),
	(29, 19, 2, NULL, NULL),
	(30, 19, 1, NULL, NULL),
	(31, 20, 2, NULL, NULL),
	(32, 20, 1, NULL, NULL),
	(33, 21, 2, NULL, NULL),
	(34, 21, 1, NULL, NULL),
	(35, 22, 2, NULL, NULL),
	(36, 22, 1, NULL, NULL),
	(37, 23, 2, NULL, NULL),
	(38, 23, 1, NULL, NULL),
	(39, 24, 2, NULL, NULL),
	(40, 24, 1, NULL, NULL),
	(41, 25, 2, NULL, NULL),
	(42, 25, 1, NULL, NULL),
	(43, 26, 2, NULL, NULL),
	(44, 26, 1, NULL, NULL),
	(45, 27, 2, NULL, NULL),
	(46, 27, 1, NULL, NULL),
	(47, 28, 2, NULL, NULL),
	(48, 28, 1, NULL, NULL),
	(49, 29, 2, NULL, NULL),
	(50, 29, 1, NULL, NULL),
	(51, 31, 2, NULL, NULL),
	(52, 31, 1, NULL, NULL),
	(53, 32, 1, NULL, NULL),
	(54, 32, 2, NULL, NULL),
	(55, 33, 1, NULL, NULL),
	(56, 33, 2, NULL, NULL),
	(58, 34, 1, NULL, NULL),
	(59, 34, 2, NULL, NULL),
	(60, 35, 1, NULL, NULL),
	(61, 35, 2, NULL, NULL),
	(62, 36, 1, NULL, NULL),
	(63, 36, 2, NULL, NULL);

/*!40103 SET TIME_ZONE=IFNULL(@OLD_TIME_ZONE, 'system') */;
/*!40101 SET SQL_MODE=IFNULL(@OLD_SQL_MODE, '') */;
/*!40014 SET FOREIGN_KEY_CHECKS=IFNULL(@OLD_FOREIGN_KEY_CHECKS, 1) */;
/*!40101 SET CHARACTER_SET_CLIENT=@OLD_CHARACTER_SET_CLIENT */;
/*!40111 SET SQL_NOTES=IFNULL(@OLD_SQL_NOTES, 1) */;
